Node,Port
ahbz-ltds-z-2,GigabitEthernet2/0/0
shsh-chj-c-1,100GE10/0/0
shsh-sb-c-2,100GE10/0/0
zjhz-bj-b-2,100GE10/0/0
zjhz-hb-b-1,100GE10/0/0
shsh-chj-c-1,100GE10/0/1
shsh-sb-c-2,100GE10/0/1
bjbj-ch-c-1,100GE12/0/0
bjbj-fz-c-2,100GE12/0/0
bjbj-ch-c-1,100GE13/0/0
bjbj-fz-c-2,100GE13/0/0
bjbj-ch-c-1,100GE13/1/0
bjbj-fz-c-2,100GE13/1/0
shsh-sb-c-2,100GE14/0/0
shsh-sb-c-2,100GE15/0/0
shsh-sb-c-2,100GE16/0/0
cqcq-st-b-1,100GE4/0/0
cqcq-zms-b-2,100GE4/0/0
gzgy-jy-b-1,100GE5/0/0
gzgy-tpq-b-2,100GE5/0/0
haly-ln-b-2,100GE6/0/0
haly-xgl-b-1,100GE6/0/0
hazz-ecl-b-2,100GE6/0/0
hazz-zyl-b-1,100GE6/0/0
hets-xxg-b-2,100GE6/0/0
hets-xz-b-1,100GE6/0/0
hncs-gt-b-1,100GE6/0/0
hncs-yyl-b-2,100GE6/0/0
snxa-dwl-c-2,100GE6/0/0
snxa-xgx-c-1,100GE6/0/0
bjbj-ch-c-1,100GE7/0/0
bjbj-fz-c-2,100GE7/0/0
bjbj-yz-g-2,100GE7/0/0
gdgz-kxc-c-2,100GE7/0/0
gdgz-xm-c-1,100GE7/0/0
haly-ln-b-2,100GE7/0/0
haly-xgl-b-1,100GE7/0/0
hazz-ecl-b-2,100GE7/0/0
hazz-zyl-b-1,100GE7/0/0
hncs-gt-b-1,100GE7/0/0
hncs-yyl-b-2,100GE7/0/0
jxnc-hjz-b-1,100GE7/0/0
jxnc-ltgc-b-2,100GE7/0/0
sdjn-slc-b-1,100GE7/0/0
sdjn-ssn-b-2,100GE7/0/0
sdqd-lydl-b-1,100GE7/0/0
sdqd-sdl-b-2,100GE7/0/0
shsh-chj-c-1,100GE7/0/0
gdgz-kxc-c-2,100GE7/0/1
gdgz-xm-c-1,100GE7/0/1
shsh-chj-c-1,100GE7/0/1
bjbj-yz-g-2,100GE8/0/0
jxnc-hjz-b-1,100GE8/0/0
jxnc-ltgc-b-2,100GE8/0/0
sdjn-slc-b-1,100GE8/0/0
sdjn-ssn-b-2,100GE8/0/0
shsh-chj-c-1,100GE8/0/0
hbwh-gs-c-1,100GE9/0/0
hbwh-xgl-c-2,100GE9/0/0
zjhz-bj-b-2,100GE9/0/0
zjhz-hb-b-1,100GE9/0/0
scgy-nhlt-z-1,GigabitEthernet0/0/0
fjqz-yd-z-1,GigabitEthernet1/0/0
fjqz-yd-z-2,GigabitEthernet1/0/0
gdhz-hna-z-1,GigabitEthernet1/0/0
gdhz-hna-z-2,GigabitEthernet1/0/0
gxbh-cj-z-2,GigabitEthernet1/0/0
gxbh-xsk-z-1,GigabitEthernet1/0/0
gxbs-ht-z-2,GigabitEthernet1/0/0
gxbs-xl-z-1,GigabitEthernet1/0/0
gxcz-bgl-z-2,GigabitEthernet1/0/0
gxcz-dymc-z-1,GigabitEthernet1/0/0
gxfcg-bgjf-z-1,GigabitEthernet1/0/0
gxfcg-gkzx-z-2,GigabitEthernet1/0/0
gxgg-kajf-z-1,GigabitEthernet1/0/0
gxgg-kajf-z-2,GigabitEthernet1/0/0
gxhc-sd-z-1,GigabitEthernet1/0/0
gxhc-yz-z-2,GigabitEthernet1/0/0
gxhz-yz-z-1,GigabitEthernet1/0/0
gxhz-yz-z-2,GigabitEthernet1/0/0
gxlb-zjjf-z-2,GigabitEthernet1/0/0
gxlb-zxjf-z-1,GigabitEthernet1/0/0
gxqz-yfx-z-1,GigabitEthernet1/0/0
gxqz-yfx-z-2,GigabitEthernet1/0/0
gxwz-jgc-z-1,GigabitEthernet1/0/0
gxwz-scl-z-2,GigabitEthernet1/0/0
gxyl-ltds-z-1,GigabitEthernet1/0/0
gxyl-msxm-z-2,GigabitEthernet1/0/0
gzas-lql-z-1,GigabitEthernet1/0/0
gzas-nhl-z-2,GigabitEthernet1/0/0
gzbj-ldl-z-1,GigabitEthernet1/0/0
gzbj-xdl-z-2,GigabitEthernet1/0/0
gzdy-xdl2f-z-1,GigabitEthernet1/0/0
gzdy-xdl3f-z-2,GigabitEthernet1/0/0
gzkl-el-z-2,GigabitEthernet1/0/0
gzkl-yzdl-z-1,GigabitEthernet1/0/0
gzlps-fhsjf-z-2,GigabitEthernet1/0/0
gzlps-lpsjf-z-1,GigabitEthernet1/0/0
gztr-xyl-z-1,GigabitEthernet1/0/0
gztr-xyl-z-2,GigabitEthernet1/0/0
gzxy-rjjf3-z-2,GigabitEthernet1/0/0
gzxy-rjjf5-z-1,GigabitEthernet1/0/0
haly-ln-z-2,GigabitEthernet1/0/0
haly-xg-z-1,GigabitEthernet1/0/0
haxx-ltny-z-2,GigabitEthernet1/0/0
haxx-ymk-z-1,GigabitEthernet1/0/0
hbez-gddl-z-2,GigabitEthernet1/0/0
hbez-ltdl-z-1,GigabitEthernet1/0/0
hbhg-ltdl-z-1,GigabitEthernet1/0/0
hbhg-yzdl-z-2,GigabitEthernet1/0/0
hbhs-ltdl-z-2,GigabitEthernet1/0/0
hbhs-ygxc-z-1,GigabitEthernet1/0/0
hbjm-ltds-z-1,GigabitEthernet1/0/0
hbjm-njl-z-2,GigabitEthernet1/0/0
hbjz-tq-z-1,GigabitEthernet1/0/0
hbjz-yq-z-2,GigabitEthernet1/0/0
hbsy-ltdl-z-1,GigabitEthernet1/0/0
hbsy-ltdl-z-2,GigabitEthernet1/0/0
hbsz-ltdl-z-1,GigabitEthernet1/0/0
hbsz-ltdl-z-2,GigabitEthernet1/0/0
hbxg-bjl-z-1,GigabitEthernet1/0/0
hbxg-ltdl-z-2,GigabitEthernet1/0/0
hbxn-ltdl-z-1,GigabitEthernet1/0/0
hbxn-ltdl-z-2,GigabitEthernet1/0/0
hbxy-chl-z-1,GigabitEthernet1/0/0
hbxy-ltdl-z-2,GigabitEthernet1/0/0
hbyc-fzdd-z-1,GigabitEthernet1/0/0
hbyc-xlyl-z-2,GigabitEthernet1/0/0
hexa-ax-z-2,GigabitEthernet1/0/0
hexa-rc-z-1,GigabitEthernet1/0/0
hldx-lm-z-1,GigabitEthernet1/0/0
hldx-zx-z-2,GigabitEthernet1/0/0
hlhg-hql-z-2,GigabitEthernet1/0/0
hlhg-wtds-z-1,GigabitEthernet1/0/0
hlqt-mj-z-2,GigabitEthernet1/0/0
hlqt-zl-z-1,GigabitEthernet1/0/0
hlsy-js-z-1,GigabitEthernet1/0/0
hlsy-xy-z-2,GigabitEthernet1/0/0
hlyc-ll-z-1,GigabitEthernet1/0/0
hlyc-xl-z-2,GigabitEthernet1/0/0
hncz-jhds-z-2,GigabitEthernet1/0/0
hncz-wlds-z-1,GigabitEthernet1/0/0
hnhh-ltdl-z-2,GigabitEthernet1/0/0
hnhh-txp-z-1,GigabitEthernet1/0/0
hnsy-dxj-z-2,GigabitEthernet1/0/0
hnsy-tjc-z-1,GigabitEthernet1/0/0
hnxx-ltdl-z-1,GigabitEthernet1/0/0
hnxx-ltdl-z-2,GigabitEthernet1/0/0
hnyz-hsl-z-2,GigabitEthernet1/0/0
hnyz-zhl-z-1,GigabitEthernet1/0/0
hnzjj-cjx-z-2,GigabitEthernet1/0/0
hnzjj-ybl-z-1,GigabitEthernet1/0/0
jxnc-hjz-g-1,GigabitEthernet1/0/0
jxnc-ltgc-g-2,GigabitEthernet1/0/0
jxyc-ltdl-z-2,GigabitEthernet1/0/0
lnbx-cj-z-2,GigabitEthernet1/0/0
lnbx-ps-z-1,GigabitEthernet1/0/0
lnhld-ls-z-2,GigabitEthernet1/0/0
lnhld-lw-z-1,GigabitEthernet1/0/0
nmtl-ylt5f-z-2,GigabitEthernet1/0/0
nmtl-zxj5f-z-1,GigabitEthernet1/0/0
nxdw-yzj-z-1,GigabitEthernet1/0/0
nxdw-zhl-z-2,GigabitEthernet1/0/0
nxgy-whxj-z-1,GigabitEthernet1/0/0
nxgy-zhl-z-2,GigabitEthernet1/0/0
nxwz-zhl-z-2,GigabitEthernet1/0/0
nxzw-nyjf-z-1,GigabitEthernet1/0/0
nxzw-zhl-z-2,GigabitEthernet1/0/0
qhgem-ltdl-z-1,GigabitEthernet1/0/0
qhgem-zslywt-z-2,GigabitEthernet1/0/0
qhgl-ywt-z-1,GigabitEthernet1/0/0
qhgl-ywt-z-2,GigabitEthernet1/0/0
qhhb-ltdl-z-1,GigabitEthernet1/0/0
qhhb-ywt-z-2,GigabitEthernet1/0/0
qhhd-hzxq-z-2,GigabitEthernet1/0/0
qhhd-ltdl-z-1,GigabitEthernet1/0/0
qhhn-ltdl-z-1,GigabitEthernet1/0/0
qhhn-zxjf-z-2,GigabitEthernet1/0/0
qhhu-ltdl-z-1,GigabitEthernet1/0/0
qhhu-wtjf-z-2,GigabitEthernet1/0/0
qhhx-ywt-z-1,GigabitEthernet1/0/0
qhhx-ywt-z-2,GigabitEthernet1/0/0
qhys-ltdl-z-1,GigabitEthernet1/0/0
qhys-ltdl-z-2,GigabitEthernet1/0/0
scab-ltxdl-z-1,GigabitEthernet1/0/0
scab-ltxdl-z-2,GigabitEthernet1/0/0
scbz-mz-z-1,GigabitEthernet1/0/0
scbz-mz-z-2,GigabitEthernet1/0/0
scdy-lt-z-1,GigabitEthernet1/0/0
scdy-yz-z-2,GigabitEthernet1/0/0
scdz-eq-z-1,GigabitEthernet1/0/0
scdz-yq-z-2,GigabitEthernet1/0/0
scga-ltxdl-z-2,GigabitEthernet1/0/0
scga-yz-z-1,GigabitEthernet1/0/0
scgy-dbwt-z-2,GigabitEthernet1/0/0
scgy-nhlt-z-1,GigabitEthernet1/0/0
scgz-bmwt-z-2,GigabitEthernet1/0/0
scgz-zxjf-z-1,GigabitEthernet1/0/0
sclis-slbl-z-2,GigabitEthernet1/0/0
sclis-whnl-z-1,GigabitEthernet1/0/0
scls-chl-z-1,GigabitEthernet1/0/0
scls-jzs-z-2,GigabitEthernet1/0/0
sclz-lc-z-2,GigabitEthernet1/0/0
sclz-zh-z-1,GigabitEthernet1/0/0
scms-lt-z-2,GigabitEthernet1/0/0
scms-wt-z-1,GigabitEthernet1/0/0
scmy-ltds-z-2,GigabitEthernet1/0/0
scmy-xyb-z-1,GigabitEthernet1/0/0
scnc-jlcs-z-2,GigabitEthernet1/0/0
scnc-ltdl-z-1,GigabitEthernet1/0/0
scnj-ehl-z-2,GigabitEthernet1/0/0
scnj-zxjf-z-1,GigabitEthernet1/0/0
scpzh-rhlt-z-2,GigabitEthernet1/0/0
scpzh-sjds-z-1,GigabitEthernet1/0/0
scsn-lt-z-2,GigabitEthernet1/0/0
scsn-wt-z-1,GigabitEthernet1/0/0
scya-sw-z-2,GigabitEthernet1/0/0
scya-yjbl-z-1,GigabitEthernet1/0/0
scyb-smg-z-1,GigabitEthernet1/0/0
scyb-xq-z-2,GigabitEthernet1/0/0
sczg-mzj-z-1,GigabitEthernet1/0/0
sczg-xxg-z-2,GigabitEthernet1/0/0
sczy-djl-z-2,GigabitEthernet1/0/0
sczy-zxjf-z-1,GigabitEthernet1/0/0
sdjn-slc-g-1,GigabitEthernet1/0/0
sdlc-842-z-1,GigabitEthernet1/0/0
sdlc-jsxl-z-2,GigabitEthernet1/0/0
sxjc-esn-z-2,GigabitEthernet1/0/0
sxjc-ysn-z-1,GigabitEthernet1/0/0
sxlf-esn-z-2,GigabitEthernet1/0/0
sxlf-ysn-z-1,GigabitEthernet1/0/0
sxyc-esn-z-2,GigabitEthernet1/0/0
sxyc-ysn-z-1,GigabitEthernet1/0/0
xjaks-ltdl-z-2,GigabitEthernet1/0/0
xjalt-zh-z-2,GigabitEthernet1/0/0
xjats-ltdl-z-2,GigabitEthernet1/0/0
xjbl-ltdl-z-2,GigabitEthernet1/0/0
xjcj-ltdl-z-2,GigabitEthernet1/0/0
xjhm-zxjf-z-2,GigabitEthernet1/0/0
xjht-ltj-z-2,GigabitEthernet1/0/0
xjkel-ltdl-z-1,GigabitEthernet1/0/0
xjklmy-ltdl-z-2,GigabitEthernet1/0/0
xjks-ltzx-z-2,GigabitEthernet1/0/0
xjkt-ltdl-z-1,GigabitEthernet1/0/0
xjshz-ltdl-z-2,GigabitEthernet1/0/0
xjtc-ltdl-z-2,GigabitEthernet1/0/0
xjtlf-ltdl-z-2,GigabitEthernet1/0/0
xjyl-ltdl-z-2,GigabitEthernet1/0/0
ynbn-ltzhl-z-1,GigabitEthernet1/0/0
ynbn-ltzhl-z-2,GigabitEthernet1/0/0
ynbs-sgjf-z-1,GigabitEthernet1/0/0
ynbs-sgjf-z-2,GigabitEthernet1/0/0
yncx-wtzx-z-1,GigabitEthernet1/0/0
yncx-zhljf-z-2,GigabitEthernet1/0/0
yndh-msgh-z-1,GigabitEthernet1/0/0
yndh-msgh-z-2,GigabitEthernet1/0/0
yndl-ltzhl-z-1,GigabitEthernet1/0/0
yndl-ltzhl-z-2,GigabitEthernet1/0/0
yndq-ltzhl-z-1,GigabitEthernet1/0/0
yndq-ltzhl-z-2,GigabitEthernet1/0/0
ynhh-kyjf-z-2,GigabitEthernet1/0/0
ynhh-mzjf-z-1,GigabitEthernet1/0/0
ynkm-cx-g-2,GigabitEthernet1/0/0
ynkm-nt-g-1,GigabitEthernet1/0/0
ynlc-zhl-z-1,GigabitEthernet1/0/0
ynlc-zhl-z-2,GigabitEthernet1/0/0
ynnj-zhl-z-1,GigabitEthernet1/0/0
ynnj-zhl-z-2,GigabitEthernet1/0/0
ynpe-zhl-z-1,GigabitEthernet1/0/0
ynpe-zhl-z-2,GigabitEthernet1/0/0
ynws-ltzhl-z-1,GigabitEthernet1/0/0
ynws-ltzhl-z-2,GigabitEthernet1/0/0
ynyx-byjf-z-2,GigabitEthernet1/0/0
ynyx-shljf-z-1,GigabitEthernet1/0/0
ynzt-ltdl-z-1,GigabitEthernet1/0/0
ynzt-ltdl-z-2,GigabitEthernet1/0/0
zjhz-bj2-g-1,GigabitEthernet1/0/0
zjhz-qt-g-2,GigabitEthernet1/0/0
zjjh-cc-z-2,GigabitEthernet1/0/0
zjjh-ywj-z-1,GigabitEthernet1/0/0
zjnb-kt-g-2,GigabitEthernet1/0/0
zjtz-xdl-z-2,GigabitEthernet1/0/0
zjtz-yzj-z-1,GigabitEthernet1/0/0
zjwz-gd-z-1,GigabitEthernet1/0/0
zjwz-lwdl-z-2,GigabitEthernet1/0/0
haly-ln-z-2,GigabitEthernet1/0/1
haly-xg-z-1,GigabitEthernet1/0/1
hbjm-ltds-z-1,GigabitEthernet1/0/1
jxyc-ctds-z-1,GigabitEthernet1/0/1
nmhh-ysn-g-1,GigabitEthernet1/0/1
nmtl-ylt5f-z-2,GigabitEthernet1/0/1
nmtl-zxj5f-z-1,GigabitEthernet1/0/1
sczg-xxg-z-2,GigabitEthernet1/0/1
xjwlmq-tjl-g-2,GigabitEthernet1/0/1
snbj-ltxdl-z-2,GigabitEthernet1/0/18
snbj-yzds-z-1,GigabitEthernet1/0/18
jxyt-ltdl-z-1,GigabitEthernet1/0/2
ynbn-ltzhl-z-1,GigabitEthernet1/0/23
ynbn-ltzhl-z-2,GigabitEthernet1/0/23
yndl-ltzhl-z-1,GigabitEthernet1/0/23
yndl-ltzhl-z-2,GigabitEthernet1/0/23
yndq-ltzhl-z-1,GigabitEthernet1/0/23
yndq-ltzhl-z-2,GigabitEthernet1/0/23
ynnj-zhl-z-1,GigabitEthernet1/0/23
ynnj-zhl-z-2,GigabitEthernet1/0/23
ynws-ltzhl-z-1,GigabitEthernet1/0/23
ynws-ltzhl-z-2,GigabitEthernet1/0/23
sdjn-ssn-g-2,GigabitEthernet1/0/3
hets-xxg-g-1,GigabitEthernet1/0/4
hihk-jp-g-2,GigabitEthernet1/0/4
hihk-snl-g-1,GigabitEthernet1/0/4
lndl-slq-g-1,GigabitEthernet1/0/4
qhxn-fhc-g-1,GigabitEthernet1/0/4
qhxn-hhl-g-2,GigabitEthernet1/0/4
xzls-ltdl-g-2,GigabitEthernet1/0/4
xzls-lw-g-1,GigabitEthernet1/0/4
hihk-jp-g-2,GigabitEthernet1/0/5
hihk-snl-g-1,GigabitEthernet1/0/5
nmhh-esn-g-2,GigabitEthernet1/0/5
xjwlmq-tfds-g-1,GigabitEthernet1/0/5
yndh-msgh-z-1,GigabitEthernet1/0/5
yndh-msgh-z-2,GigabitEthernet1/0/5
helf-esn-g-1,GigabitEthernet1/0/7
hesj-esn-g-2,GigabitEthernet1/0/7
ahhf-bh-g-2,GigabitEthernet1/0/8
ahhf-xkf-g-1,GigabitEthernet1/0/8
xjaks-ltdl-z-1,GigabitEthernet1/0/8
xjalt-zh-z-1,GigabitEthernet1/0/8
xjats-ltdl-z-1,GigabitEthernet1/0/8
xjbl-yzdl-z-1,GigabitEthernet1/0/8
xjcj-ltdl-z-1,GigabitEthernet1/0/8
xjhm-ltzxj-z-1,GigabitEthernet1/0/8
xjht-zxjf-z-1,GigabitEthernet1/0/8
xjkel-cgj-z-2,GigabitEthernet1/0/8
xjklmy-nxl-z-1,GigabitEthernet1/0/8
xjks-esnjf-z-1,GigabitEthernet1/0/8
xjkt-ltdl-z-2,GigabitEthernet1/0/8
xjtc-hty-z-1,GigabitEthernet1/0/8
xjtlf-lcl-z-1,GigabitEthernet1/0/8
hexa-ax-z-2,GigabitEthernet1/0/9
hexa-rc-z-1,GigabitEthernet1/0/9
fjqz-yd-z-1,GigabitEthernet1/1/0
fjqz-yd-z-2,GigabitEthernet1/1/0
gdcz-fc-z-1,GigabitEthernet1/1/0
gdcz-xsk-z-2,GigabitEthernet1/1/0
gdjm-gs-z-1,GigabitEthernet1/1/0
gdjm-xdl-z-2,GigabitEthernet1/1/0
gdjy-dlhy-z-1,GigabitEthernet1/1/0
gdjy-yzjf-z-2,GigabitEthernet1/1/0
gdmz-dmt-z-1,GigabitEthernet1/1/0
gdmz-ymjf-z-2,GigabitEthernet1/1/0
gdst-js-z-1,GigabitEthernet1/1/0
gdst-sz-z-2,GigabitEthernet1/1/0
gdsw-jads-z-2,GigabitEthernet1/1/0
gdsw-zyl-z-1,GigabitEthernet1/1/0
gdzh-scyz-z-1,GigabitEthernet1/1/0
gdzh-xsk-z-2,GigabitEthernet1/1/0
gdzj-xskb-z-2,GigabitEthernet1/1/0
gdzj-xskc-z-1,GigabitEthernet1/1/0
gdzs-ltdl-z-1,GigabitEthernet1/1/0
gdzs-xyt-z-2,GigabitEthernet1/1/0
gsby-ltds-z-1,GigabitEthernet1/1/0
gsdx-ltds-z-1,GigabitEthernet1/1/0
gsgn-ltds-z-1,GigabitEthernet1/1/0
gsjc-zxjf-z-1,GigabitEthernet1/1/0
gsjq-zxjf-z-1,GigabitEthernet1/1/0
gsjy-bgl-z-1,GigabitEthernet1/1/0
gsln-yzjf-z-1,GigabitEthernet1/1/0
gslx-ltds-z-1,GigabitEthernet1/1/0
gspl-gcl-z-1,GigabitEthernet1/1/0
gsqy-ltds-z-1,GigabitEthernet1/1/0
gsts-dxjf-z-1,GigabitEthernet1/1/0
gsww-nkjf-z-1,GigabitEthernet1/1/0
gszy-yzjf-z-1,GigabitEthernet1/1/0
haly-ln-z-2,GigabitEthernet1/1/0
haly-xg-z-1,GigabitEthernet1/1/0
haxx-ltny-z-2,GigabitEthernet1/1/0
haxx-ymk-z-1,GigabitEthernet1/1/0
hets-xxg-z-2,GigabitEthernet1/1/0
hets-xz-z-1,GigabitEthernet1/1/0
hlsh-hsl-b-1,GigabitEthernet1/1/0
hlsh-hwl-b-2,GigabitEthernet1/1/0
hncd-bmh-z-1,GigabitEthernet1/1/0
hncd-bmh-z-2,GigabitEthernet1/1/0
hncz-jhds-z-2,GigabitEthernet1/1/0
hncz-wlds-z-1,GigabitEthernet1/1/0
hnhh-ltdl-z-2,GigabitEthernet1/1/0
hnhh-txp-z-1,GigabitEthernet1/1/0
hnsy-dxj-z-2,GigabitEthernet1/1/0
hnsy-tjc-z-1,GigabitEthernet1/1/0
hnxx-ltdl-z-1,GigabitEthernet1/1/0
hnxx-ltdl-z-2,GigabitEthernet1/1/0
hnyy-nhjf-z-2,GigabitEthernet1/1/0
hnyy-shjf-z-1,GigabitEthernet1/1/0
hnyz-hsl-z-2,GigabitEthernet1/1/0
hnyz-zhl-z-1,GigabitEthernet1/1/0
hnzjj-cjx-z-2,GigabitEthernet1/1/0
hnzjj-ybl-z-1,GigabitEthernet1/1/0
jlcc-esn-b-2,GigabitEthernet1/1/0
jljl-hnj-b-1,GigabitEthernet1/1/0
jljl-hnj-z-1,GigabitEthernet1/1/0
jscz-wfq-z-1,GigabitEthernet1/1/0
jscz-xbq-z-2,GigabitEthernet1/1/0
jsha-szl-z-2,GigabitEthernet1/1/0
jsha-xml-z-1,GigabitEthernet1/1/0
jslyg-cydl-z-2,GigabitEthernet1/1/0
jslyg-cyzl-z-1,GigabitEthernet1/1/0
jsnt-rml-z-1,GigabitEthernet1/1/0
jsnt-xq-z-2,GigabitEthernet1/1/0
jssq-fz-z-1,GigabitEthernet1/1/0
jssq-fz-z-2,GigabitEthernet1/1/0
jstz-td-z-2,GigabitEthernet1/1/0
jstz-xq-z-1,GigabitEthernet1/1/0
jsxz-hhxl-z-2,GigabitEthernet1/1/0
jsxz-hpl-z-1,GigabitEthernet1/1/0
jsyc-jfnl-z-1,GigabitEthernet1/1/0
jsyc-kfq-z-2,GigabitEthernet1/1/0
jsyz-ly-z-1,GigabitEthernet1/1/0
jsyz-yzj-z-2,GigabitEthernet1/1/0
jszj-dfhy-z-1,GigabitEthernet1/1/0
jszj-dm-z-2,GigabitEthernet1/1/0
jxfz-ltdl-z-1,GigabitEthernet1/1/0
lnas-fr-z-2,GigabitEthernet1/1/0
lnas-jd-z-1,GigabitEthernet1/1/0
nmtl-ylt5f-b-2,GigabitEthernet1/1/0
nmtl-zxj5f-b-1,GigabitEthernet1/1/0
qhxn-fhc-b-2,GigabitEthernet1/1/0
qhxn-hhl-b-1,GigabitEthernet1/1/0
sdlc-842-z-1,GigabitEthernet1/1/0
sdlc-jsxl-z-2,GigabitEthernet1/1/0
sdly-822-z-1,GigabitEthernet1/1/0
sdly-831-z-2,GigabitEthernet1/1/0
sdta-esn-z-1,GigabitEthernet1/1/0
sdta-qnl-z-2,GigabitEthernet1/1/0
sdwh-522-z-2,GigabitEthernet1/1/0
sdwh-532-z-1,GigabitEthernet1/1/0
snak-jbyz-z-1,GigabitEthernet1/1/0
snak-ltdl-z-2,GigabitEthernet1/1/0
snbj-ltxdl-z-2,GigabitEthernet1/1/0
snbj-yzds-z-1,GigabitEthernet1/1/0
snhz-ltdl-z-2,GigabitEthernet1/1/0
snhz-yzdl-z-1,GigabitEthernet1/1/0
snsl-lt3f-z-1,GigabitEthernet1/1/0
snsl-lt3f-z-2,GigabitEthernet1/1/0
snxy-rml-z-2,GigabitEthernet1/1/0
snxy-xx-z-1,GigabitEthernet1/1/0
sxty-esn-b-2,GigabitEthernet1/1/0
sxty-ysn-b-1,GigabitEthernet1/1/0
xzls-ltdl-b-2,GigabitEthernet1/1/0
xzls-lw-b-1,GigabitEthernet1/1/0
zjhuz-thl-z-2,GigabitEthernet1/1/0
zjhuz-yz-z-1,GigabitEthernet1/1/0
zjjx-csl-z-2,GigabitEthernet1/1/0
zjjx-hxl-z-1,GigabitEthernet1/1/0
zjls-dybl-z-1,GigabitEthernet1/1/0
zjls-dyl-z-2,GigabitEthernet1/1/0
zjqz-cgj-z-2,GigabitEthernet1/1/0
zjqz-jhsl-z-1,GigabitEthernet1/1/0
zjzs-bda-z-1,GigabitEthernet1/1/0
zjzs-xdl-z-2,GigabitEthernet1/1/0
hazz-zyl-b-1,GigabitEthernet1/1/1
hlsh-hsl-b-1,GigabitEthernet1/1/1
hlsh-hwl-b-2,GigabitEthernet1/1/1
jlcc-esn-b-2,GigabitEthernet1/1/1
jljl-hnj-b-1,GigabitEthernet1/1/1
nmtl-ylt5f-b-2,GigabitEthernet1/1/1
nmtl-zxj5f-b-1,GigabitEthernet1/1/1
qhxn-fhc-b-2,GigabitEthernet1/1/1
qhxn-hhl-b-1,GigabitEthernet1/1/1
cqcq-st-b-1,GigabitEthernet1/1/2
hlsh-hsl-b-1,GigabitEthernet1/1/2
jlcc-esn-b-2,GigabitEthernet1/1/2
jljl-hnj-b-1,GigabitEthernet1/1/2
nmtl-zxj5f-b-1,GigabitEthernet1/1/2
nmtl-zxj5f-b-1,GigabitEthernet1/1/22
nmtl-zxj5f-b-1,GigabitEthernet1/1/23
cqcq-st-b-1,GigabitEthernet1/1/3
cqcq-zms-b-2,GigabitEthernet1/1/3
jlcc-esn-b-2,GigabitEthernet1/1/3
jljl-hnj-b-1,GigabitEthernet1/1/3
cqcq-st-b-1,GigabitEthernet1/1/4
cqcq-zms-b-2,GigabitEthernet1/1/4
jlcc-esn-b-2,GigabitEthernet1/1/4
jljl-hnj-b-1,GigabitEthernet1/1/4
tjtj-jyd-b-1,GigabitEthernet1/1/4
tjtj-njl-b-2,GigabitEthernet1/1/4
cqcq-st-b-1,GigabitEthernet1/1/5
cqcq-zms-b-2,GigabitEthernet1/1/5
jlcc-esn-b-2,GigabitEthernet1/1/5
jljl-hnj-b-1,GigabitEthernet1/1/5
sxty-esn-b-2,GigabitEthernet1/1/5
sxty-ysn-b-1,GigabitEthernet1/1/5
tjtj-jyd-b-1,GigabitEthernet1/1/5
tjtj-njl-b-2,GigabitEthernet1/1/5
hbwh-gs-c-1,GigabitEthernet1/2/0
hbwh-xgl-c-2,GigabitEthernet1/2/0
jxfz-ltdl-z-2,GigabitEthernet1/2/0
lnsy-hx-c-2,GigabitEthernet1/2/0
lnsy-sf-c-1,GigabitEthernet1/2/0
sccd-ht-c-1,GigabitEthernet1/2/0
lnsy-hx-c-2,GigabitEthernet1/2/2
lnsy-sf-c-1,GigabitEthernet1/2/2
hbwh-gs-c-1,GigabitEthernet1/2/3
hbwh-xgl-c-2,GigabitEthernet1/2/3
jsnj-hx-b-2,GigabitEthernet10/0/0
jsnj-jn-b-1,GigabitEthernet10/0/0
lnsy-hx-c-2,GigabitEthernet10/0/0
lnsy-sf-c-1,GigabitEthernet10/0/0
jsnj-hx-b-2,GigabitEthernet10/0/1
jsnj-jn-b-1,GigabitEthernet10/0/1
lnsy-hx-c-2,GigabitEthernet10/0/1
lnsy-sf-c-1,GigabitEthernet10/0/1
jsnj-hx-b-2,GigabitEthernet10/0/2
jsnj-jn-b-1,GigabitEthernet10/0/2
jsnj-hx-b-2,GigabitEthernet10/0/3
jsnj-jn-b-1,GigabitEthernet10/0/3
jsnj-hx-b-2,GigabitEthernet10/0/4
jsnj-jn-b-1,GigabitEthernet10/0/4
shsh-sb-c-2,GigabitEthernet10/1/4
lnsy-hx-c-2,GigabitEthernet10/2/3
lnsy-sf-c-1,GigabitEthernet10/2/3
lnsy-hx-c-2,GigabitEthernet10/2/4
lnsy-sf-c-1,GigabitEthernet10/2/4
bjbj-ch-c-1,GigabitEthernet11/0/0
bjbj-fz-c-2,GigabitEthernet11/0/0
lnsy-hx-c-2,GigabitEthernet11/0/0
lnsy-sf-c-1,GigabitEthernet11/0/0
bjbj-ch-c-1,GigabitEthernet11/0/1
bjbj-fz-c-2,GigabitEthernet11/0/1
lnsy-hx-c-2,GigabitEthernet11/0/1
lnsy-sf-c-1,GigabitEthernet11/0/1
bjbj-ch-c-1,GigabitEthernet11/0/2
bjbj-fz-c-2,GigabitEthernet11/0/2
lnsy-hx-c-2,GigabitEthernet11/0/2
lnsy-sf-c-1,GigabitEthernet11/0/2
bjbj-ch-c-1,GigabitEthernet11/0/3
bjbj-fz-c-2,GigabitEthernet11/0/3
lnsy-hx-c-2,GigabitEthernet11/0/3
lnsy-sf-c-1,GigabitEthernet11/0/3
bjbj-ch-c-1,GigabitEthernet11/0/4
bjbj-fz-c-2,GigabitEthernet11/0/4
lnsy-hx-c-2,GigabitEthernet11/0/4
lnsy-sf-c-1,GigabitEthernet11/0/4
gdgz-kxc-c-2,GigabitEthernet11/1/8
gdgz-xm-c-1,GigabitEthernet11/1/8
lnsy-hx-c-2,GigabitEthernet11/2/0
lnsy-sf-c-1,GigabitEthernet11/2/0
lnsy-hx-c-2,GigabitEthernet12/2/0
lnsy-sf-c-1,GigabitEthernet12/2/0
gdgz-kxc-c-2,GigabitEthernet13/0/1
gdgz-xm-c-1,GigabitEthernet13/0/1
gdgz-kxc-c-2,GigabitEthernet13/0/2
gdgz-xm-c-1,GigabitEthernet13/0/2
gdgz-kxc-c-2,GigabitEthernet13/0/3
gdgz-xm-c-1,GigabitEthernet13/0/3
gdgz-kxc-c-2,GigabitEthernet13/0/4
gdgz-xm-c-1,GigabitEthernet13/0/4
gdgz-kxc-c-2,GigabitEthernet14/0/1
gdgz-xm-c-1,GigabitEthernet14/0/1
gdgz-kxc-c-2,GigabitEthernet14/0/2
gdgz-xm-c-1,GigabitEthernet14/0/2
bjbj-ch-c-1,GigabitEthernet14/0/3
bjbj-fz-c-2,GigabitEthernet14/0/3
bjbj-ch-c-1,GigabitEthernet14/0/4
bjbj-fz-c-2,GigabitEthernet14/0/4
gdgz-kxc-c-2,GigabitEthernet14/0/4
gdgz-xm-c-1,GigabitEthernet14/0/4
gdgz-kxc-c-2,GigabitEthernet14/2/0
gdgz-xm-c-1,GigabitEthernet14/2/0
gdgz-kxc-c-2,GigabitEthernet14/2/1
gdgz-xm-c-1,GigabitEthernet14/2/1
gdgz-kxc-c-2,GigabitEthernet14/2/2
gdgz-xm-c-1,GigabitEthernet14/2/2
gdgz-kxc-c-2,GigabitEthernet14/2/3
gdgz-xm-c-1,GigabitEthernet14/2/3
gdgz-kxc-c-2,GigabitEthernet14/2/4
gdgz-xm-c-1,GigabitEthernet14/2/4
gdgz-kxc-c-2,GigabitEthernet15/0/0
gdgz-xm-c-1,GigabitEthernet15/0/0
gdgz-kxc-c-2,GigabitEthernet15/0/1
gdgz-xm-c-1,GigabitEthernet15/0/1
gdgz-kxc-c-2,GigabitEthernet16/2/0
gdgz-xm-c-1,GigabitEthernet16/2/0
gdgz-kxc-c-2,GigabitEthernet16/2/1
gdgz-xm-c-1,GigabitEthernet16/2/1
ahbb-ltxdl-z-2,GigabitEthernet2/0/0
ahbb-yc-z-1,GigabitEthernet2/0/0
ahbz-zql-z-1,GigabitEthernet2/0/0
ahcz-ltxdl-z-2,GigabitEthernet2/0/0
ahcz-ly-z-1,GigabitEthernet2/0/0
ahhb-jal-z-1,GigabitEthernet2/0/0
ahhb-ltds-z-2,GigabitEthernet2/0/0
ahhs-ltdl-z-1,GigabitEthernet2/0/0
ahhs-ltdl-z-2,GigabitEthernet2/0/0
ahsz-ltds-z-1,GigabitEthernet2/0/0
ahsz-ltds-z-2,GigabitEthernet2/0/0
ahtl-ltds-z-2,GigabitEthernet2/0/0
ahtl-wlds-z-1,GigabitEthernet2/0/0
ahwh-dsn-z-1,GigabitEthernet2/0/0
ahwh-fdds-z-2,GigabitEthernet2/0/0
ahxc-jhj-z-2,GigabitEthernet2/0/0
ahxc-xdl-z-1,GigabitEthernet2/0/0
cqcq-st-g-1,GigabitEthernet2/0/0
cqcq-zms-g-2,GigabitEthernet2/0/0
fjly-lh-z-2,GigabitEthernet2/0/0
fjly-nh-z-1,GigabitEthernet2/0/0
fjnd-lyc-z-1,GigabitEthernet2/0/0
fjnd-xdl-z-2,GigabitEthernet2/0/0
fjnp-hjs-z-2,GigabitEthernet2/0/0
fjnp-zhl-z-1,GigabitEthernet2/0/0
fjsm-xdl-z-1,GigabitEthernet2/0/0
fjsm-xy-z-2,GigabitEthernet2/0/0
fjzz-fz-z-2,GigabitEthernet2/0/0
fjzz-rc-z-1,GigabitEthernet2/0/0
gdcz-fc-z-1,GigabitEthernet2/0/0
gdcz-xsk-z-2,GigabitEthernet2/0/0
gdhy-gx-z-2,GigabitEthernet2/0/0
gdhy-jlc-z-1,GigabitEthernet2/0/0
gdjy-dlhy-z-1,GigabitEthernet2/0/0
gdjy-yzjf-z-2,GigabitEthernet2/0/0
gdmm-yzdl-z-1,GigabitEthernet2/0/0
gdmm-yzdl-z-2,GigabitEthernet2/0/0
gdmz-dmt-z-1,GigabitEthernet2/0/0
gdmz-ymjf-z-2,GigabitEthernet2/0/0
gdqy-cyl-z-2,GigabitEthernet2/0/0
gdqy-skds-z-1,GigabitEthernet2/0/0
gdsg-tf-z-2,GigabitEthernet2/0/0
gdsg-xl-z-1,GigabitEthernet2/0/0
gdst-js-z-1,GigabitEthernet2/0/0
gdst-sz-z-2,GigabitEthernet2/0/0
gdsw-jads-z-2,GigabitEthernet2/0/0
gdsw-zyl-z-1,GigabitEthernet2/0/0
gdyf-djp-z-2,GigabitEthernet2/0/0
gdyf-zhdl-z-1,GigabitEthernet2/0/0
gdyj-yz-z-1,GigabitEthernet2/0/0
gdyj-yz-z-2,GigabitEthernet2/0/0
gdzj-xskb-z-2,GigabitEthernet2/0/0
gdzj-xskc-z-1,GigabitEthernet2/0/0
gdzq-yf-z-1,GigabitEthernet2/0/0
gdzq-yf-z-2,GigabitEthernet2/0/0
gsby-ltds-z-1,GigabitEthernet2/0/0
gsdx-ltds-z-1,GigabitEthernet2/0/0
gsgn-ltds-z-1,GigabitEthernet2/0/0
gsgn-ltds-z-2,GigabitEthernet2/0/0
gsjc-zxjf-z-1,GigabitEthernet2/0/0
gsjc-zxjf-z-2,GigabitEthernet2/0/0
gsjq-zxjf-z-1,GigabitEthernet2/0/0
gsjy-bgl-z-1,GigabitEthernet2/0/0
gsln-yzjf-z-1,GigabitEthernet2/0/0
gslx-ltds-z-1,GigabitEthernet2/0/0
gslx-ltds-z-2,GigabitEthernet2/0/0
gspl-gcl-z-1,GigabitEthernet2/0/0
gspl-gcl-z-2,GigabitEthernet2/0/0
gsqy-ltds-z-1,GigabitEthernet2/0/0
gsts-dxjf-z-1,GigabitEthernet2/0/0
gsts-ltds-z-2,GigabitEthernet2/0/0
gsww-bgjf-z-2,GigabitEthernet2/0/0
gsww-nkjf-z-1,GigabitEthernet2/0/0
gszy-yzjf-z-1,GigabitEthernet2/0/0
gxbh-cj-z-2,GigabitEthernet2/0/0
gxbh-xsk-z-1,GigabitEthernet2/0/0
gxbs-ht-z-2,GigabitEthernet2/0/0
gxbs-xl-z-1,GigabitEthernet2/0/0
gxcz-bgl-z-2,GigabitEthernet2/0/0
gxcz-dymc-z-1,GigabitEthernet2/0/0
gxfcg-bgjf-z-1,GigabitEthernet2/0/0
gxfcg-gkzx-z-2,GigabitEthernet2/0/0
gxgg-kajf-z-1,GigabitEthernet2/0/0
gxgg-kajf-z-2,GigabitEthernet2/0/0
gxhc-sd-z-1,GigabitEthernet2/0/0
gxhc-yz-z-2,GigabitEthernet2/0/0
gxhz-yz-z-1,GigabitEthernet2/0/0
gxhz-yz-z-2,GigabitEthernet2/0/0
gxlb-zjjf-z-2,GigabitEthernet2/0/0
gxlb-zxjf-z-1,GigabitEthernet2/0/0
gxqz-yfx-z-1,GigabitEthernet2/0/0
gxqz-yfx-z-2,GigabitEthernet2/0/0
gxwz-jgc-z-1,GigabitEthernet2/0/0
gxwz-scl-z-2,GigabitEthernet2/0/0
gxyl-ltds-z-1,GigabitEthernet2/0/0
gxyl-msxm-z-2,GigabitEthernet2/0/0
gzas-lql-z-1,GigabitEthernet2/0/0
gzas-nhl-z-2,GigabitEthernet2/0/0
gzbj-ldl-z-1,GigabitEthernet2/0/0
gzbj-xdl-z-2,GigabitEthernet2/0/0
gzdy-xdl2f-z-1,GigabitEthernet2/0/0
gzdy-xdl3f-z-2,GigabitEthernet2/0/0
gzkl-el-z-2,GigabitEthernet2/0/0
gzkl-yzdl-z-1,GigabitEthernet2/0/0
gzlps-fhsjf-z-2,GigabitEthernet2/0/0
gzlps-lpsjf-z-1,GigabitEthernet2/0/0
gztr-xyl-z-1,GigabitEthernet2/0/0
gztr-xyl-z-2,GigabitEthernet2/0/0
gzxy-rjjf3-z-2,GigabitEthernet2/0/0
gzxy-rjjf5-z-1,GigabitEthernet2/0/0
haay-hql-z-1,GigabitEthernet2/0/0
haay-xyl-z-2,GigabitEthernet2/0/0
hajy-jsdd-z-2,GigabitEthernet2/0/0
hajy-qyj-z-1,GigabitEthernet2/0/0
hajz-jf-z-2,GigabitEthernet2/0/0
hajz-xz-z-1,GigabitEthernet2/0/0
hakf-hxl-z-2,GigabitEthernet2/0/0
hakf-xsl-z-1,GigabitEthernet2/0/0
haly-ln-z-2,GigabitEthernet2/0/0
haly-xg-z-1,GigabitEthernet2/0/0
hapy-shl-z-2,GigabitEthernet2/0/0
hapy-xdl-z-1,GigabitEthernet2/0/0
haxc-byl-z-2,GigabitEthernet2/0/0
haxc-xdl-z-1,GigabitEthernet2/0/0
haxx-ltny-z-2,GigabitEthernet2/0/0
haxx-ymk-z-1,GigabitEthernet2/0/0
haxy-cwc-z-2,GigabitEthernet2/0/0
haxy-xdl-z-1,GigabitEthernet2/0/0
hazk-czl-z-1,GigabitEthernet2/0/0
hazk-qyl-z-2,GigabitEthernet2/0/0
hbez-gddl-z-2,GigabitEthernet2/0/0
hbez-ltdl-z-1,GigabitEthernet2/0/0
hbhg-ltdl-z-1,GigabitEthernet2/0/0
hbhg-yzdl-z-2,GigabitEthernet2/0/0
hbhs-ltdl-z-2,GigabitEthernet2/0/0
hbhs-ygxc-z-1,GigabitEthernet2/0/0
hbjm-njl-z-2,GigabitEthernet2/0/0
hbjz-tq-z-1,GigabitEthernet2/0/0
hbjz-yq-z-2,GigabitEthernet2/0/0
hbsy-ltdl-z-1,GigabitEthernet2/0/0
hbsy-ltdl-z-2,GigabitEthernet2/0/0
hbsz-ltdl-z-1,GigabitEthernet2/0/0
hbsz-ltdl-z-2,GigabitEthernet2/0/0
hbxg-bjl-z-1,GigabitEthernet2/0/0
hbxg-ltdl-z-2,GigabitEthernet2/0/0
hbxn-ltdl-z-1,GigabitEthernet2/0/0
hbxn-ltdl-z-2,GigabitEthernet2/0/0
hbxy-chl-z-1,GigabitEthernet2/0/0
hbxy-ltdl-z-2,GigabitEthernet2/0/0
hbyc-fzdd-z-1,GigabitEthernet2/0/0
hbyc-xlyl-z-2,GigabitEthernet2/0/0
hecd-snl-z-1,GigabitEthernet2/0/0
hehs-hpl-z-1,GigabitEthernet2/0/0
hext-ysn-z-1,GigabitEthernet2/0/0
hihk-jp-b-2,GigabitEthernet2/0/0
hihk-snl-b-1,GigabitEthernet2/0/0
hncd-bmh-z-1,GigabitEthernet2/0/0
hncd-bmh-z-2,GigabitEthernet2/0/0
hncz-jhds-z-2,GigabitEthernet2/0/0
hncz-wlds-z-1,GigabitEthernet2/0/0
hnhh-ltdl-z-2,GigabitEthernet2/0/0
hnhh-txp-z-1,GigabitEthernet2/0/0
hnsy-dxj-z-2,GigabitEthernet2/0/0
hnsy-tjc-z-1,GigabitEthernet2/0/0
hnxx-ltdl-z-1,GigabitEthernet2/0/0
hnxx-ltdl-z-2,GigabitEthernet2/0/0
hnyy-nhjf-z-2,GigabitEthernet2/0/0
hnyy-shjf-z-1,GigabitEthernet2/0/0
hnyz-hsl-z-2,GigabitEthernet2/0/0
hnyz-zhl-z-1,GigabitEthernet2/0/0
hnzjj-cjx-z-2,GigabitEthernet2/0/0
hnzjj-ybl-z-1,GigabitEthernet2/0/0
jlbc-lfj-z-2,GigabitEthernet2/0/0
jlbs-sfj-z-2,GigabitEthernet2/0/0
jlbs-sj-z-1,GigabitEthernet2/0/0
jljl-hnj-z-1,GigabitEthernet2/0/0
jljl-zqj-z-2,GigabitEthernet2/0/0
jlly-snl-z-2,GigabitEthernet2/0/0
jlsp-35-z-2,GigabitEthernet2/0/0
jlth-xhl-z-2,GigabitEthernet2/0/0
jlyj-dbdl-z-2,GigabitEthernet2/0/0
jscz-wfq-z-1,GigabitEthernet2/0/0
jscz-xbq-z-2,GigabitEthernet2/0/0
jsha-szl-z-2,GigabitEthernet2/0/0
jsha-xml-z-1,GigabitEthernet2/0/0
jslyg-cydl-z-2,GigabitEthernet2/0/0
jslyg-cyzl-z-1,GigabitEthernet2/0/0
jsnt-rml-z-1,GigabitEthernet2/0/0
jsnt-xq-z-2,GigabitEthernet2/0/0
jssq-fz-z-1,GigabitEthernet2/0/0
jssq-fz-z-2,GigabitEthernet2/0/0
jstz-td-z-2,GigabitEthernet2/0/0
jstz-xq-z-1,GigabitEthernet2/0/0
jsxz-hhxl-z-2,GigabitEthernet2/0/0
jsxz-hpl-z-1,GigabitEthernet2/0/0
jsyc-jfnl-z-1,GigabitEthernet2/0/0
jsyc-kfq-z-2,GigabitEthernet2/0/0
jsyz-ly-z-1,GigabitEthernet2/0/0
jsyz-yzj-z-2,GigabitEthernet2/0/0
jszj-dfhy-z-1,GigabitEthernet2/0/0
jszj-dm-z-2,GigabitEthernet2/0/0
jxja-zsdl-z-2,GigabitEthernet2/0/0
jxjj-jtbg-z-1,GigabitEthernet2/0/0
jxjj-ltdl-z-2,GigabitEthernet2/0/0
jxnc-hjz-b-1,GigabitEthernet2/0/0
jxnc-hjz-g-1,GigabitEthernet2/0/0
jxnc-ltgc-b-2,GigabitEthernet2/0/0
jxnc-ltgc-g-2,GigabitEthernet2/0/0
jxpx-gx-z-1,GigabitEthernet2/0/0
jxpx-ltdl-z-2,GigabitEthernet2/0/0
jxxy-ltdl-z-2,GigabitEthernet2/0/0
jxxy-xdcjf-z-1,GigabitEthernet2/0/0
lncy-28-z-1,GigabitEthernet2/0/0
lncy-39-z-2,GigabitEthernet2/0/0
lnfx-sj-z-1,GigabitEthernet2/0/0
lnly-sg-z-2,GigabitEthernet2/0/0
lnly-xg-z-1,GigabitEthernet2/0/0
lntl-ly-z-1,GigabitEthernet2/0/0
lntl-zq-z-2,GigabitEthernet2/0/0
nmam-82j2f-z-2,GigabitEthernet2/0/0
nmbm-82j6f-z-1,GigabitEthernet2/0/0
nmbm-jfj4f-z-2,GigabitEthernet2/0/0
nmbt-51j3f-z-1,GigabitEthernet2/0/0
nmbt-ard6f-z-2,GigabitEthernet2/0/0
nmhlbr-82j4f-z-1,GigabitEthernet2/0/0
nmhlbr-xlt4f-z-2,GigabitEthernet2/0/0
nmtl-ylt5f-b-2,GigabitEthernet2/0/0
nmtl-ylt5f-z-2,GigabitEthernet2/0/0
nmtl-zxj5f-z-1,GigabitEthernet2/0/0
nmwh-lz4f-z-2,GigabitEthernet2/0/0
nmwh-zxj3f-z-1,GigabitEthernet2/0/0
nmwlcb-zxj2f-z-2,GigabitEthernet2/0/0
nmxam-82j2f-z-1,GigabitEthernet2/0/0
nmxam-ylt1f-z-2,GigabitEthernet2/0/0
nmxlgl-kfq2f-z-2,GigabitEthernet2/0/0
nmxlgl-zxj2f-z-1,GigabitEthernet2/0/0
nxdw-yzj-z-1,GigabitEthernet2/0/0
nxdw-zhl-z-2,GigabitEthernet2/0/0
nxgy-whxj-z-1,GigabitEthernet2/0/0
nxgy-zhl-z-2,GigabitEthernet2/0/0
nxwz-zhl-z-2,GigabitEthernet2/0/0
nxyc-kfq-b-1,GigabitEthernet2/0/0
nxyc-xtds-b-2,GigabitEthernet2/0/0
nxzw-nyjf-z-1,GigabitEthernet2/0/0
nxzw-zhl-z-2,GigabitEthernet2/0/0
qhgem-ltdl-z-1,GigabitEthernet2/0/0
qhgem-zslywt-z-2,GigabitEthernet2/0/0
qhgl-ywt-z-1,GigabitEthernet2/0/0
qhgl-ywt-z-2,GigabitEthernet2/0/0
qhhb-ltdl-z-1,GigabitEthernet2/0/0
qhhb-ywt-z-2,GigabitEthernet2/0/0
qhhd-hzxq-z-2,GigabitEthernet2/0/0
qhhd-ltdl-z-1,GigabitEthernet2/0/0
qhhn-ltdl-z-1,GigabitEthernet2/0/0
qhhn-zxjf-z-2,GigabitEthernet2/0/0
qhhu-ltdl-z-1,GigabitEthernet2/0/0
qhhu-wtjf-z-2,GigabitEthernet2/0/0
qhhx-ywt-z-1,GigabitEthernet2/0/0
qhhx-ywt-z-2,GigabitEthernet2/0/0
qhys-ltdl-z-1,GigabitEthernet2/0/0
qhys-ltdl-z-2,GigabitEthernet2/0/0
scab-ltxdl-z-1,GigabitEthernet2/0/0
scab-ltxdl-z-2,GigabitEthernet2/0/0
scbz-mz-z-1,GigabitEthernet2/0/0
scbz-mz-z-2,GigabitEthernet2/0/0
scdy-lt-z-1,GigabitEthernet2/0/0
scdy-yz-z-2,GigabitEthernet2/0/0
scdz-eq-z-1,GigabitEthernet2/0/0
scdz-yq-z-2,GigabitEthernet2/0/0
scga-ltxdl-z-2,GigabitEthernet2/0/0
scga-yz-z-1,GigabitEthernet2/0/0
scgy-dbwt-z-2,GigabitEthernet2/0/0
scgy-nhlt-z-1,GigabitEthernet2/0/0
scgz-bmwt-z-2,GigabitEthernet2/0/0
scgz-zxjf-z-1,GigabitEthernet2/0/0
sclis-slbl-z-2,GigabitEthernet2/0/0
sclis-whnl-z-1,GigabitEthernet2/0/0
scls-chl-z-1,GigabitEthernet2/0/0
scls-jzs-z-2,GigabitEthernet2/0/0
sclz-lc-z-2,GigabitEthernet2/0/0
sclz-zh-z-1,GigabitEthernet2/0/0
scms-lt-z-2,GigabitEthernet2/0/0
scms-wt-z-1,GigabitEthernet2/0/0
scmy-ltds-z-2,GigabitEthernet2/0/0
scmy-xyb-z-1,GigabitEthernet2/0/0
scnc-jlcs-z-2,GigabitEthernet2/0/0
scnc-ltdl-z-1,GigabitEthernet2/0/0
scnj-ehl-z-2,GigabitEthernet2/0/0
scnj-zxjf-z-1,GigabitEthernet2/0/0
scpzh-rhlt-z-2,GigabitEthernet2/0/0
scpzh-sjds-z-1,GigabitEthernet2/0/0
scsn-lt-z-2,GigabitEthernet2/0/0
scsn-wt-z-1,GigabitEthernet2/0/0
scya-sw-z-2,GigabitEthernet2/0/0
scya-yjbl-z-1,GigabitEthernet2/0/0
scyb-smg-z-1,GigabitEthernet2/0/0
scyb-xq-z-2,GigabitEthernet2/0/0
sczg-mzj-z-1,GigabitEthernet2/0/0
sczy-djl-z-2,GigabitEthernet2/0/0
sczy-zxjf-z-1,GigabitEthernet2/0/0
sdjn-slc-g-1,GigabitEthernet2/0/0
sdly-822-z-1,GigabitEthernet2/0/0
sdly-831-z-2,GigabitEthernet2/0/0
sdta-esn-z-1,GigabitEthernet2/0/0
sdta-qnl-z-2,GigabitEthernet2/0/0
sdwh-522-z-2,GigabitEthernet2/0/0
sdwh-532-z-1,GigabitEthernet2/0/0
snak-jbyz-z-1,GigabitEthernet2/0/0
snak-ltdl-z-2,GigabitEthernet2/0/0
snhz-ltdl-z-2,GigabitEthernet2/0/0
snhz-yzdl-z-1,GigabitEthernet2/0/0
snsl-lt3f-z-1,GigabitEthernet2/0/0
snsl-lt3f-z-2,GigabitEthernet2/0/0
sntc-ltdl-z-2,GigabitEthernet2/0/0
sntc-yzdl-z-1,GigabitEthernet2/0/0
snwn-ltdl-z-1,GigabitEthernet2/0/0
snwn-ltdl-z-2,GigabitEthernet2/0/0
snya-ltjf-z-1,GigabitEthernet2/0/0
snya-ltjf-z-2,GigabitEthernet2/0/0
sxyc-esn-z-2,GigabitEthernet2/0/0
sxyc-ysn-z-1,GigabitEthernet2/0/0
sxyq-esn-z-2,GigabitEthernet2/0/0
sxyq-ysn-z-1,GigabitEthernet2/0/0
tjtj-jyd-b-1,GigabitEthernet2/0/0
tjtj-njl-b-2,GigabitEthernet2/0/0
ynbs-sgjf-z-1,GigabitEthernet2/0/0
ynbs-sgjf-z-2,GigabitEthernet2/0/0
yncx-wtzx-z-1,GigabitEthernet2/0/0
yncx-zhljf-z-2,GigabitEthernet2/0/0
ynhh-kyjf-z-2,GigabitEthernet2/0/0
ynhh-mzjf-z-1,GigabitEthernet2/0/0
ynkm-nt-b-1,GigabitEthernet2/0/0
ynkm-nt-g-1,GigabitEthernet2/0/0
ynlc-zhl-z-1,GigabitEthernet2/0/0
ynlc-zhl-z-2,GigabitEthernet2/0/0
ynpe-zhl-z-1,GigabitEthernet2/0/0
ynpe-zhl-z-2,GigabitEthernet2/0/0
ynyx-by-b-2,GigabitEthernet2/0/0
ynyx-byjf-z-2,GigabitEthernet2/0/0
ynyx-shljf-z-1,GigabitEthernet2/0/0
ynzt-ltdl-z-1,GigabitEthernet2/0/0
ynzt-ltdl-z-2,GigabitEthernet2/0/0
zjhuz-thl-z-2,GigabitEthernet2/0/0
zjhuz-yz-z-1,GigabitEthernet2/0/0
zjhz-bj2-g-1,GigabitEthernet2/0/0
zjhz-qt-g-2,GigabitEthernet2/0/0
zjjx-csl-z-2,GigabitEthernet2/0/0
zjjx-hxl-z-1,GigabitEthernet2/0/0
zjls-dybl-z-1,GigabitEthernet2/0/0
zjls-dyl-z-2,GigabitEthernet2/0/0
zjnb-kt-g-2,GigabitEthernet2/0/0
zjqz-cgj-z-2,GigabitEthernet2/0/0
zjqz-jhsl-z-1,GigabitEthernet2/0/0
zjzs-bda-z-1,GigabitEthernet2/0/0
zjzs-xdl-z-2,GigabitEthernet2/0/0
ahhf-bh-g-2,GigabitEthernet2/0/1
ahhf-xkf-g-1,GigabitEthernet2/0/1
haay-hql-z-1,GigabitEthernet2/0/1
haay-xyl-z-2,GigabitEthernet2/0/1
hajz-jf-z-2,GigabitEthernet2/0/1
hajz-xz-z-1,GigabitEthernet2/0/1
haly-ln-z-2,GigabitEthernet2/0/1
haly-xg-z-1,GigabitEthernet2/0/1
haxx-ltny-z-2,GigabitEthernet2/0/1
haxx-ymk-z-1,GigabitEthernet2/0/1
haxy-cwc-z-2,GigabitEthernet2/0/1
haxy-xdl-z-1,GigabitEthernet2/0/1
hazk-czl-z-1,GigabitEthernet2/0/1
hazk-qyl-z-2,GigabitEthernet2/0/1
hecd-snl-z-1,GigabitEthernet2/0/1
hehs-hpl-z-1,GigabitEthernet2/0/1
hext-ysn-z-1,GigabitEthernet2/0/1
hihk-jp-b-2,GigabitEthernet2/0/1
hihk-snl-b-1,GigabitEthernet2/0/1
jlbs-sfj-z-2,GigabitEthernet2/0/1
jlbs-sj-z-1,GigabitEthernet2/0/1
jlly-snl-z-2,GigabitEthernet2/0/1
jlsp-35-z-2,GigabitEthernet2/0/1
jlsy-yjj-z-2,GigabitEthernet2/0/1
jlth-xhl-z-2,GigabitEthernet2/0/1
jlyj-dbdl-z-2,GigabitEthernet2/0/1
jxjj-jtbg-z-1,GigabitEthernet2/0/1
jxjj-ltdl-z-2,GigabitEthernet2/0/1
jxnc-hjz-b-1,GigabitEthernet2/0/1
jxnc-ltgc-b-2,GigabitEthernet2/0/1
lnfx-xy-z-2,GigabitEthernet2/0/1
nmbm-82j6f-z-1,GigabitEthernet2/0/1
nmhlbr-82j4f-z-1,GigabitEthernet2/0/1
nmtl-ylt5f-b-2,GigabitEthernet2/0/1
nmwh-zxj3f-z-1,GigabitEthernet2/0/1
nxyc-kfq-b-1,GigabitEthernet2/0/1
nxyc-xtds-b-2,GigabitEthernet2/0/1
ynkm-cx-g-2,GigabitEthernet2/0/1
ynkm-nt-b-1,GigabitEthernet2/0/1
ynyx-by-b-2,GigabitEthernet2/0/1
ynkm-nt-b-1,GigabitEthernet2/0/10
ynyx-by-b-2,GigabitEthernet2/0/10
ynkm-nt-b-1,GigabitEthernet2/0/11
ynyx-by-b-2,GigabitEthernet2/0/11
hihk-jp-b-2,GigabitEthernet2/0/12
hihk-snl-b-1,GigabitEthernet2/0/12
jlbc-lfj-z-2,GigabitEthernet2/0/12
ynkm-nt-b-1,GigabitEthernet2/0/12
ynyx-by-b-2,GigabitEthernet2/0/12
nxyc-kfq-b-1,GigabitEthernet2/0/13
nxyc-xtds-b-2,GigabitEthernet2/0/13
ynkm-nt-b-1,GigabitEthernet2/0/13
ynyx-by-b-2,GigabitEthernet2/0/13
cqcq-st-b-1,GigabitEthernet2/0/14
cqcq-zms-b-2,GigabitEthernet2/0/14
ynkm-nt-b-1,GigabitEthernet2/0/14
ynyx-by-b-2,GigabitEthernet2/0/14
ynkm-nt-b-1,GigabitEthernet2/0/16
ynyx-by-b-2,GigabitEthernet2/0/16
hihk-snl-b-1,GigabitEthernet2/0/17
hihk-snl-b-1,GigabitEthernet2/0/18
snbj-ltxdl-z-2,GigabitEthernet2/0/18
snbj-yzds-z-1,GigabitEthernet2/0/18
snxy-rml-z-2,GigabitEthernet2/0/18
snxy-xx-z-1,GigabitEthernet2/0/18
ynkm-nt-b-1,GigabitEthernet2/0/19
ynyx-by-b-2,GigabitEthernet2/0/19
ahhf-xkf-g-1,GigabitEthernet2/0/2
fjnd-xdl-z-2,GigabitEthernet2/0/2
gdzh-scyz-z-1,GigabitEthernet2/0/2
jxyt-ltdl-z-1,GigabitEthernet2/0/2
nmtl-ylt5f-b-2,GigabitEthernet2/0/2
nmtl-ylt5f-z-2,GigabitEthernet2/0/2
nmtl-zxj5f-z-1,GigabitEthernet2/0/2
nxyc-kfq-b-1,GigabitEthernet2/0/2
nxyc-xtds-b-2,GigabitEthernet2/0/2
sclis-slbl-z-2,GigabitEthernet2/0/2
scpzh-rhlt-z-2,GigabitEthernet2/0/2
ynkm-nt-b-1,GigabitEthernet2/0/2
ynyx-by-b-2,GigabitEthernet2/0/2
hihk-jp-b-2,GigabitEthernet2/0/20
ynkm-nt-b-1,GigabitEthernet2/0/20
ynyx-by-b-2,GigabitEthernet2/0/20
hihk-jp-b-2,GigabitEthernet2/0/21
sdwh-522-z-2,GigabitEthernet2/0/23
ynbn-ltzhl-z-1,GigabitEthernet2/0/23
ynbn-ltzhl-z-2,GigabitEthernet2/0/23
yndl-ltzhl-z-1,GigabitEthernet2/0/23
yndl-ltzhl-z-2,GigabitEthernet2/0/23
yndq-ltzhl-z-1,GigabitEthernet2/0/23
yndq-ltzhl-z-2,GigabitEthernet2/0/23
ynnj-zhl-z-1,GigabitEthernet2/0/23
ynnj-zhl-z-2,GigabitEthernet2/0/23
ynws-ltzhl-z-1,GigabitEthernet2/0/23
ynws-ltzhl-z-2,GigabitEthernet2/0/23
fjnd-lyc-z-1,GigabitEthernet2/0/3
gdzh-xsk-z-2,GigabitEthernet2/0/3
nmxlgl-zxj2f-z-1,GigabitEthernet2/0/3
sdjn-ssn-g-2,GigabitEthernet2/0/3
ynkm-nt-b-1,GigabitEthernet2/0/3
ynyx-by-b-2,GigabitEthernet2/0/3
gdhy-gx-z-2,GigabitEthernet2/0/4
hihk-jp-g-2,GigabitEthernet2/0/4
hihk-snl-g-1,GigabitEthernet2/0/4
lndl-slq-g-1,GigabitEthernet2/0/4
nxyc-kfq-b-1,GigabitEthernet2/0/4
nxyc-xtds-b-2,GigabitEthernet2/0/4
qhxn-fhc-g-1,GigabitEthernet2/0/4
qhxn-hhl-g-2,GigabitEthernet2/0/4
xzls-ltdl-g-2,GigabitEthernet2/0/4
xzls-lw-g-1,GigabitEthernet2/0/4
ynkm-nt-b-1,GigabitEthernet2/0/4
ynyx-by-b-2,GigabitEthernet2/0/4
hihk-jp-g-2,GigabitEthernet2/0/5
sdta-qnl-z-2,GigabitEthernet2/0/5
ynkm-nt-b-1,GigabitEthernet2/0/5
ynyx-by-b-2,GigabitEthernet2/0/5
ynkm-nt-b-1,GigabitEthernet2/0/6
ynyx-by-b-2,GigabitEthernet2/0/6
fjpt-fm-z-2,GigabitEthernet2/0/7
fjpt-sx-z-1,GigabitEthernet2/0/7
helf-esn-g-1,GigabitEthernet2/0/7
hesj-esn-g-2,GigabitEthernet2/0/7
hets-xxg-g-1,GigabitEthernet2/0/7
hihk-snl-g-1,GigabitEthernet2/0/7
ynkm-nt-b-1,GigabitEthernet2/0/7
ynyx-by-b-2,GigabitEthernet2/0/7
ahmas-kfq-z-1,GigabitEthernet2/0/8
ahmas-ltds-z-2,GigabitEthernet2/0/8
ynkm-nt-b-1,GigabitEthernet2/0/8
ynyx-by-b-2,GigabitEthernet2/0/8
gdhy-jlc-z-1,GigabitEthernet2/0/9
gdzh-xsk-z-2,GigabitEthernet2/0/9
ynkm-nt-b-1,GigabitEthernet2/0/9
ynyx-by-b-2,GigabitEthernet2/0/9
fjqz-yd-z-1,GigabitEthernet2/1/0
fjqz-yd-z-2,GigabitEthernet2/1/0
gdhy-gx-z-2,GigabitEthernet2/1/0
gdhy-jlc-z-1,GigabitEthernet2/1/0
gdhz-hna-z-1,GigabitEthernet2/1/0
gdhz-hna-z-2,GigabitEthernet2/1/0
gdjm-gs-z-1,GigabitEthernet2/1/0
gdjm-xdl-z-2,GigabitEthernet2/1/0
gdmm-yzdl-z-1,GigabitEthernet2/1/0
gdmm-yzdl-z-2,GigabitEthernet2/1/0
gdqy-cyl-z-2,GigabitEthernet2/1/0
gdqy-skds-z-1,GigabitEthernet2/1/0
gdsg-tf-z-2,GigabitEthernet2/1/0
gdsg-xl-z-1,GigabitEthernet2/1/0
gdyf-djp-z-2,GigabitEthernet2/1/0
gdyf-zhdl-z-1,GigabitEthernet2/1/0
gdyj-yz-z-1,GigabitEthernet2/1/0
gdyj-yz-z-2,GigabitEthernet2/1/0
gdzh-scyz-z-1,GigabitEthernet2/1/0
gdzh-xsk-z-2,GigabitEthernet2/1/0
gdzq-yf-z-1,GigabitEthernet2/1/0
gdzq-yf-z-2,GigabitEthernet2/1/0
gdzs-ltdl-z-1,GigabitEthernet2/1/0
gdzs-xyt-z-2,GigabitEthernet2/1/0
hets-xxg-z-2,GigabitEthernet2/1/0
hets-xz-z-1,GigabitEthernet2/1/0
jlbs-sfj-z-2,GigabitEthernet2/1/0
jlbs-sj-z-1,GigabitEthernet2/1/0
jxgz-jxhy-z-1,GigabitEthernet2/1/0
jxgz-ltdl-z-2,GigabitEthernet2/1/0
jxja-ltdl-z-1,GigabitEthernet2/1/0
jxyt-ltdl-z-2,GigabitEthernet2/1/0
nmbm-82j6f-z-1,GigabitEthernet2/1/0
nmhlbr-82j4f-z-1,GigabitEthernet2/1/0
nmtl-zxj5f-b-1,GigabitEthernet2/1/0
nmwh-zxj3f-z-1,GigabitEthernet2/1/0
nmxlgl-zxj2f-z-1,GigabitEthernet2/1/0
sdlc-842-z-1,GigabitEthernet2/1/0
sdlc-jsxl-z-2,GigabitEthernet2/1/0
sdly-822-z-1,GigabitEthernet2/1/0
sdly-831-z-2,GigabitEthernet2/1/0
sdta-esn-z-1,GigabitEthernet2/1/0
sdta-qnl-z-2,GigabitEthernet2/1/0
sdwh-522-z-2,GigabitEthernet2/1/0
sdwh-532-z-1,GigabitEthernet2/1/0
sxjc-esn-z-2,GigabitEthernet2/1/0
sxjc-ysn-z-1,GigabitEthernet2/1/0
sxlf-esn-z-2,GigabitEthernet2/1/0
sxlf-ysn-z-1,GigabitEthernet2/1/0
sxll-zxjjdl-z-2,GigabitEthernet2/1/0
sxll-zxjxdl-z-1,GigabitEthernet2/1/0
sxsz-esn-z-2,GigabitEthernet2/1/0
sxsz-ysn-z-1,GigabitEthernet2/1/0
sxxz-esn-z-2,GigabitEthernet2/1/0
sxxz-ysn-z-1,GigabitEthernet2/1/0
sxyc-esn-z-2,GigabitEthernet2/1/0
sxyc-ysn-z-1,GigabitEthernet2/1/0
sxyq-esn-z-2,GigabitEthernet2/1/0
sxyq-ysn-z-1,GigabitEthernet2/1/0
zjhuz-thl-z-2,GigabitEthernet2/1/0
zjhuz-yz-z-1,GigabitEthernet2/1/0
zjjh-cc-z-2,GigabitEthernet2/1/0
zjjh-ywj-z-1,GigabitEthernet2/1/0
zjjx-csl-z-2,GigabitEthernet2/1/0
zjls-dybl-z-1,GigabitEthernet2/1/0
zjls-dyl-z-2,GigabitEthernet2/1/0
zjqz-cgj-z-2,GigabitEthernet2/1/0
zjqz-jhsl-z-1,GigabitEthernet2/1/0
zjtz-xdl-z-2,GigabitEthernet2/1/0
zjtz-yzj-z-1,GigabitEthernet2/1/0
zjwz-gd-z-1,GigabitEthernet2/1/0
zjwz-lwdl-z-2,GigabitEthernet2/1/0
zjzs-bda-z-1,GigabitEthernet2/1/0
zjzs-xdl-z-2,GigabitEthernet2/1/0
nmtl-zxj5f-b-1,GigabitEthernet2/1/1
qhxn-fhc-b-2,GigabitEthernet2/1/1
qhxn-hhl-b-1,GigabitEthernet2/1/1
zjjx-hxl-z-1,GigabitEthernet2/1/1
gslz-yt-b-1,GigabitEthernet2/1/10
gxnn-dmgx-b-2,GigabitEthernet2/1/10
gxnn-rjy-b-1,GigabitEthernet2/1/10
qhxn-fhc-b-2,GigabitEthernet2/1/10
qhxn-hhl-b-1,GigabitEthernet2/1/10
gslz-yt-b-1,GigabitEthernet2/1/11
gxnn-dmgx-b-2,GigabitEthernet2/1/11
gxnn-rjy-b-1,GigabitEthernet2/1/11
gslz-esn-b-2,GigabitEthernet2/1/12
gslz-yt-b-1,GigabitEthernet2/1/12
gxnn-dmgx-b-2,GigabitEthernet2/1/12
gxnn-rjy-b-1,GigabitEthernet2/1/12
gslz-yt-b-1,GigabitEthernet2/1/13
gxnn-dmgx-b-2,GigabitEthernet2/1/13
gxnn-rjy-b-1,GigabitEthernet2/1/13
gslz-yt-b-1,GigabitEthernet2/1/14
gxnn-dmgx-b-2,GigabitEthernet2/1/14
gxnn-rjy-b-1,GigabitEthernet2/1/14
qhxn-hhl-b-1,GigabitEthernet2/1/14
gslz-yt-b-1,GigabitEthernet2/1/15
gxnn-dmgx-b-2,GigabitEthernet2/1/15
gxnn-rjy-b-1,GigabitEthernet2/1/15
gxnn-dmgx-b-2,GigabitEthernet2/1/16
gxnn-rjy-b-1,GigabitEthernet2/1/16
qhxn-fhc-b-2,GigabitEthernet2/1/16
gxnn-dmgx-b-2,GigabitEthernet2/1/17
gxnn-rjy-b-1,GigabitEthernet2/1/17
qhxn-fhc-b-2,GigabitEthernet2/1/17
qhxn-hhl-b-1,GigabitEthernet2/1/17
gxnn-dmgx-b-2,GigabitEthernet2/1/18
gxnn-rjy-b-1,GigabitEthernet2/1/18
gslz-esn-b-2,GigabitEthernet2/1/2
gslz-yt-b-1,GigabitEthernet2/1/2
jxyt-ltdl-z-2,GigabitEthernet2/1/2
qhxn-fhc-b-2,GigabitEthernet2/1/2
qhxn-hhl-b-1,GigabitEthernet2/1/2
gslz-yt-b-1,GigabitEthernet2/1/3
qhxn-fhc-b-2,GigabitEthernet2/1/3
qhxn-hhl-b-1,GigabitEthernet2/1/3
xzls-ltdl-b-2,GigabitEthernet2/1/3
xzls-lw-b-1,GigabitEthernet2/1/3
gslz-yt-b-1,GigabitEthernet2/1/4
qhxn-fhc-b-2,GigabitEthernet2/1/4
qhxn-hhl-b-1,GigabitEthernet2/1/4
gslz-esn-b-2,GigabitEthernet2/1/5
gslz-yt-b-1,GigabitEthernet2/1/5
qhxn-fhc-b-2,GigabitEthernet2/1/5
qhxn-hhl-b-1,GigabitEthernet2/1/5
gslz-esn-b-2,GigabitEthernet2/1/6
gslz-yt-b-1,GigabitEthernet2/1/6
gxnn-dmgx-b-2,GigabitEthernet2/1/6
gxnn-rjy-b-1,GigabitEthernet2/1/6
qhxn-fhc-b-2,GigabitEthernet2/1/6
qhxn-hhl-b-1,GigabitEthernet2/1/6
gslz-esn-b-2,GigabitEthernet2/1/7
gslz-yt-b-1,GigabitEthernet2/1/7
gxnn-dmgx-b-2,GigabitEthernet2/1/7
gxnn-rjy-b-1,GigabitEthernet2/1/7
qhxn-fhc-b-2,GigabitEthernet2/1/7
qhxn-hhl-b-1,GigabitEthernet2/1/7
xzls-ltdl-b-2,GigabitEthernet2/1/7
xzls-lw-b-1,GigabitEthernet2/1/7
gslz-esn-b-2,GigabitEthernet2/1/8
gslz-yt-b-1,GigabitEthernet2/1/8
gxnn-dmgx-b-2,GigabitEthernet2/1/8
gxnn-rjy-b-1,GigabitEthernet2/1/8
qhxn-fhc-b-2,GigabitEthernet2/1/8
qhxn-hhl-b-1,GigabitEthernet2/1/8
gslz-esn-b-2,GigabitEthernet2/1/9
gslz-yt-b-1,GigabitEthernet2/1/9
gxnn-dmgx-b-2,GigabitEthernet2/1/9
gxnn-rjy-b-1,GigabitEthernet2/1/9
sccd-ht-c-1,GigabitEthernet2/2/0
sccd-ymk-c-2,GigabitEthernet2/2/0
sccd-ht-c-1,GigabitEthernet2/2/1
sccd-ht-c-1,GigabitEthernet2/2/13
sccd-ht-c-1,GigabitEthernet2/2/14
sccd-ht-c-1,GigabitEthernet2/2/15
sccd-ht-c-1,GigabitEthernet2/2/16
sccd-ht-c-1,GigabitEthernet2/2/3
sccd-ht-c-1,GigabitEthernet2/2/4
sccd-ht-c-1,GigabitEthernet2/2/5
sccd-ht-c-1,GigabitEthernet2/2/6
sccd-ht-c-1,GigabitEthernet2/2/7
sccd-ht-c-1,GigabitEthernet2/2/8
sccd-ht-c-1,GigabitEthernet2/2/9
ahbz-ltds-z-2,GigabitEthernet3/0/0
ahbz-zql-z-1,GigabitEthernet3/0/0
ahcz-ltxdl-z-2,GigabitEthernet3/0/0
ahcz-ly-z-1,GigabitEthernet3/0/0
ahhb-jal-z-1,GigabitEthernet3/0/0
ahhb-ltds-z-2,GigabitEthernet3/0/0
ahhs-ltdl-z-1,GigabitEthernet3/0/0
ahhs-ltdl-z-2,GigabitEthernet3/0/0
ahmas-kfq-z-1,GigabitEthernet3/0/0
ahmas-ltds-z-2,GigabitEthernet3/0/0
ahsz-ltds-z-1,GigabitEthernet3/0/0
ahsz-ltds-z-2,GigabitEthernet3/0/0
ahtl-ltds-z-2,GigabitEthernet3/0/0
ahtl-wlds-z-1,GigabitEthernet3/0/0
ahxc-jhj-z-2,GigabitEthernet3/0/0
ahxc-xdl-z-1,GigabitEthernet3/0/0
cqcq-st-b-1,GigabitEthernet3/0/0
cqcq-zms-b-2,GigabitEthernet3/0/0
fjfz-jyz-g-1,GigabitEthernet3/0/0
fjfz-shg-g-2,GigabitEthernet3/0/0
fjqz-yd-z-1,GigabitEthernet3/0/0
fjqz-yd-z-2,GigabitEthernet3/0/0
fjxm-rjy-g-1,GigabitEthernet3/0/0
gdzh-scyz-z-1,GigabitEthernet3/0/0
gdzh-xsk-z-2,GigabitEthernet3/0/0
gdzs-ltdl-z-1,GigabitEthernet3/0/0
gdzs-xyt-z-2,GigabitEthernet3/0/0
gsby-ctc-z-2,GigabitEthernet3/0/0
gsdx-ltds-z-2,GigabitEthernet3/0/0
gsgn-ltds-z-2,GigabitEthernet3/0/0
gsjc-zxjf-z-2,GigabitEthernet3/0/0
gsjq-xbbg-z-2,GigabitEthernet3/0/0
gsjy-bgl-z-2,GigabitEthernet3/0/0
gsln-ltjf-z-2,GigabitEthernet3/0/0
gslx-ltds-z-2,GigabitEthernet3/0/0
gslz-esn-b-2,GigabitEthernet3/0/0
gslz-yt-b-1,GigabitEthernet3/0/0
gslz-yt-g-1,GigabitEthernet3/0/0
gslz-yt-g-2,GigabitEthernet3/0/0
gspl-gcl-z-2,GigabitEthernet3/0/0
gsqy-ltds-z-2,GigabitEthernet3/0/0
gszy-ltds-z-2,GigabitEthernet3/0/0
gxnn-dmgx-b-2,GigabitEthernet3/0/0
gxnn-dmgx-g-2,GigabitEthernet3/0/0
gxnn-rjy-b-1,GigabitEthernet3/0/0
gxnn-rjy-g-1,GigabitEthernet3/0/0
gzgy-jy-g-2,GigabitEthernet3/0/0
gzgy-tpq-g-1,GigabitEthernet3/0/0
haay-hql-z-1,GigabitEthernet3/0/0
haay-xyl-z-2,GigabitEthernet3/0/0
hahb-hqj-z-2,GigabitEthernet3/0/0
hahb-xdl-z-1,GigabitEthernet3/0/0
hajz-jf-z-2,GigabitEthernet3/0/0
hajz-xz-z-1,GigabitEthernet3/0/0
hakf-hxl-z-2,GigabitEthernet3/0/0
hakf-xsl-z-1,GigabitEthernet3/0/0
hapy-shl-z-2,GigabitEthernet3/0/0
hapy-xdl-z-1,GigabitEthernet3/0/0
haxc-byl-z-2,GigabitEthernet3/0/0
haxc-xdl-z-1,GigabitEthernet3/0/0
haxy-cwc-z-2,GigabitEthernet3/0/0
haxy-xdl-z-1,GigabitEthernet3/0/0
hbwh-gs-g-1,GigabitEthernet3/0/0
hbwh-xgl-g-2,GigabitEthernet3/0/0
hlhr-ysn-g-1,GigabitEthernet3/0/0
hlhr-ysn-g-2,GigabitEthernet3/0/0
hncd-bmh-z-1,GigabitEthernet3/0/0
hncd-bmh-z-2,GigabitEthernet3/0/0
jlyj-dbdl-z-2,GigabitEthernet3/0/0
lnhld-ls-z-2,GigabitEthernet3/0/0
lnhld-lw-z-1,GigabitEthernet3/0/0
nmam-82j2f-z-2,GigabitEthernet3/0/0
nmbm-jfj4f-z-2,GigabitEthernet3/0/0
nmbt-51j3f-z-1,GigabitEthernet3/0/0
nmhlbr-xlt4f-z-2,GigabitEthernet3/0/0
nmtl-ylt5f-b-2,GigabitEthernet3/0/0
nmtl-zxj5f-b-1,GigabitEthernet3/0/0
nmwh-lz4f-z-2,GigabitEthernet3/0/0
nmwlcb-zxj2f-z-2,GigabitEthernet3/0/0
nmxam-82j2f-z-1,GigabitEthernet3/0/0
nmxam-ylt1f-z-2,GigabitEthernet3/0/0
nmxlgl-kfq2f-z-2,GigabitEthernet3/0/0
nxwz-yzj-z-1,GigabitEthernet3/0/0
nxyc-kfq-b-1,GigabitEthernet3/0/0
nxyc-xtds-b-2,GigabitEthernet3/0/0
sccd-ymk-c-2,GigabitEthernet3/0/0
sdjn-slc-b-1,GigabitEthernet3/0/0
sdjn-ssn-b-2,GigabitEthernet3/0/0
sxyc-esn-z-2,GigabitEthernet3/0/0
sxyc-ysn-z-1,GigabitEthernet3/0/0
sxyq-esn-z-2,GigabitEthernet3/0/0
sxyq-ysn-z-1,GigabitEthernet3/0/0
tjtj-jyd-b-1,GigabitEthernet3/0/0
tjtj-jyd-g-1,GigabitEthernet3/0/0
tjtj-njl-b-2,GigabitEthernet3/0/0
tjtj-xsl-g-2,GigabitEthernet3/0/0
cqcq-st-b-1,GigabitEthernet3/0/1
cqcq-zms-b-2,GigabitEthernet3/0/1
gslz-esn-b-2,GigabitEthernet3/0/1
gslz-yt-b-1,GigabitEthernet3/0/1
gxnn-dmgx-b-2,GigabitEthernet3/0/1
gxnn-rjy-b-1,GigabitEthernet3/0/1
hapd-xdl-z-1,GigabitEthernet3/0/1
hapd-zxbl-z-2,GigabitEthernet3/0/1
hasm-xdl-z-1,GigabitEthernet3/0/1
hasm-xsl-z-2,GigabitEthernet3/0/1
hazk-czl-z-1,GigabitEthernet3/0/1
hazk-qyl-z-2,GigabitEthernet3/0/1
hazm-502-z-2,GigabitEthernet3/0/1
hazm-xdl-z-1,GigabitEthernet3/0/1
nmbt-51j3f-z-1,GigabitEthernet3/0/1
nmbt-ard6f-z-2,GigabitEthernet3/0/1
nmhh-ysn-g-1,GigabitEthernet3/0/1
nmtl-ylt5f-b-2,GigabitEthernet3/0/1
nmtl-zxj5f-b-1,GigabitEthernet3/0/1
nxyc-kfq-b-1,GigabitEthernet3/0/1
nxyc-xtds-b-2,GigabitEthernet3/0/1
sccd-ymk-c-2,GigabitEthernet3/0/1
sdjn-slc-b-1,GigabitEthernet3/0/1
sdjn-ssn-b-2,GigabitEthernet3/0/1
tjtj-jyd-b-1,GigabitEthernet3/0/1
tjtj-njl-b-2,GigabitEthernet3/0/1
xjwlmq-tfds-g-1,GigabitEthernet3/0/1
xjwl-tfds-b-1,GigabitEthernet3/0/1
xjyl-yz-z-1,GigabitEthernet3/0/1
lnas-jd-z-1,GigabitEthernet3/0/10
sccd-ymk-c-2,GigabitEthernet3/0/10
xjwl-tfds-b-1,GigabitEthernet3/0/10
sccd-ymk-c-2,GigabitEthernet3/0/11
xjwl-tjl-b-2,GigabitEthernet3/0/12
lnjz-tn-z-2,GigabitEthernet3/0/13
lnjz-xl-z-1,GigabitEthernet3/0/13
sccd-ymk-c-2,GigabitEthernet3/0/13
sccd-ymk-c-2,GigabitEthernet3/0/14
sccd-ymk-c-2,GigabitEthernet3/0/15
sccd-ymk-c-2,GigabitEthernet3/0/16
xjwl-tfds-b-1,GigabitEthernet3/0/17
nmhh-esn-b-1,GigabitEthernet3/0/18
xjwl-tfds-b-1,GigabitEthernet3/0/18
nmhh-esn-b-1,GigabitEthernet3/0/19
xjwl-tjl-b-2,GigabitEthernet3/0/19
ahbb-ltxdl-z-2,GigabitEthernet3/0/2
ahbb-yc-z-1,GigabitEthernet3/0/2
ahhf-bh-b-2,GigabitEthernet3/0/2
ahhf-zwq-b-1,GigabitEthernet3/0/2
cqcq-st-b-1,GigabitEthernet3/0/2
cqcq-zms-b-2,GigabitEthernet3/0/2
gxnn-dmgx-b-2,GigabitEthernet3/0/2
gxnn-rjy-b-1,GigabitEthernet3/0/2
nmhh-esn-b-1,GigabitEthernet3/0/2
nmhh-ysn-b-2,GigabitEthernet3/0/2
nxyc-kfq-b-1,GigabitEthernet3/0/2
nxyc-xtds-b-2,GigabitEthernet3/0/2
sccd-ymk-c-2,GigabitEthernet3/0/2
sdjn-slc-b-1,GigabitEthernet3/0/2
sdjn-ssn-b-2,GigabitEthernet3/0/2
tjtj-jyd-b-1,GigabitEthernet3/0/2
tjtj-njl-b-2,GigabitEthernet3/0/2
xjwl-tjl-b-2,GigabitEthernet3/0/2
nmhh-esn-b-1,GigabitEthernet3/0/20
xjwl-tjl-b-2,GigabitEthernet3/0/20
nmhh-esn-b-1,GigabitEthernet3/0/22
nmhh-esn-b-1,GigabitEthernet3/0/23
nmxam-82j2f-z-1,GigabitEthernet3/0/23
ahhf-bh-b-2,GigabitEthernet3/0/3
ahhf-zwq-b-1,GigabitEthernet3/0/3
ahwh-dsn-z-1,GigabitEthernet3/0/3
ahwh-fdds-z-2,GigabitEthernet3/0/3
gxnn-dmgx-b-2,GigabitEthernet3/0/3
gxnn-rjy-b-1,GigabitEthernet3/0/3
gzgy-jy-b-1,GigabitEthernet3/0/3
gzgy-tpq-b-2,GigabitEthernet3/0/3
shsh-sb-c-2,GigabitEthernet3/0/3
ahhf-bh-b-2,GigabitEthernet3/0/4
ahhf-zwq-b-1,GigabitEthernet3/0/4
gzgy-jy-b-1,GigabitEthernet3/0/4
gzgy-tpq-b-2,GigabitEthernet3/0/4
jlcc-esn-b-2,GigabitEthernet3/0/4
sccd-ymk-c-2,GigabitEthernet3/0/4
ahhf-bh-b-2,GigabitEthernet3/0/5
ahhf-zwq-b-1,GigabitEthernet3/0/5
gzgy-jy-b-1,GigabitEthernet3/0/5
gzgy-tpq-b-2,GigabitEthernet3/0/5
hlsh-hsl-z-1,GigabitEthernet3/0/5
hlsh-qsl-z-2,GigabitEthernet3/0/5
jlcc-esn-g-2,GigabitEthernet3/0/5
jlcc-ysn-g-1,GigabitEthernet3/0/5
nmhh-esn-b-1,GigabitEthernet3/0/5
nmhh-esn-g-2,GigabitEthernet3/0/5
nmhh-ysn-b-2,GigabitEthernet3/0/5
sccd-ymk-c-2,GigabitEthernet3/0/5
sdjn-slc-b-1,GigabitEthernet3/0/5
sdjn-ssn-b-2,GigabitEthernet3/0/5
xjwlmq-tjl-g-2,GigabitEthernet3/0/5
gzgy-jy-b-1,GigabitEthernet3/0/6
gzgy-tpq-b-2,GigabitEthernet3/0/6
nmhh-esn-b-1,GigabitEthernet3/0/6
sccd-ymk-c-2,GigabitEthernet3/0/6
gzgy-jy-b-1,GigabitEthernet3/0/7
gzgy-tpq-b-2,GigabitEthernet3/0/7
jlcc-esn-b-2,GigabitEthernet3/0/7
sccd-ymk-c-2,GigabitEthernet3/0/7
gzgy-jy-b-1,GigabitEthernet3/0/8
gzgy-tpq-b-2,GigabitEthernet3/0/8
nmhh-ysn-b-2,GigabitEthernet3/0/8
sccd-ymk-c-2,GigabitEthernet3/0/8
gzgy-jy-b-1,GigabitEthernet3/0/9
gzgy-tpq-b-2,GigabitEthernet3/0/9
nmhh-esn-b-1,GigabitEthernet3/0/9
nmhh-ysn-b-2,GigabitEthernet3/0/9
sccd-ymk-c-2,GigabitEthernet3/0/9
gsgn-ltds-z-2,GigabitEthernet3/1/0
gsjq-xbbg-z-2,GigabitEthernet3/1/0
gsjy-bgl-z-2,GigabitEthernet3/1/0
gsln-ltjf-z-2,GigabitEthernet3/1/0
gspl-gcl-z-2,GigabitEthernet3/1/0
gsqy-ltds-z-2,GigabitEthernet3/1/0
gsts-ltds-z-2,GigabitEthernet3/1/0
gszy-ltds-z-2,GigabitEthernet3/1/0
gzgy-jy-b-1,GigabitEthernet3/1/0
gzgy-tpq-b-2,GigabitEthernet3/1/0
hets-xxg-b-2,GigabitEthernet3/1/0
hets-xz-b-1,GigabitEthernet3/1/0
hlsh-hsl-z-1,GigabitEthernet3/1/0
hlsh-qsl-z-2,GigabitEthernet3/1/0
hncs-gt-b-1,GigabitEthernet3/1/0
hncs-yyl-b-2,GigabitEthernet3/1/0
nmhh-esn-b-1,GigabitEthernet3/1/0
nmhh-ysn-b-2,GigabitEthernet3/1/0
zjjh-cc-z-2,GigabitEthernet3/1/0
zjjh-ywj-z-1,GigabitEthernet3/1/0
zjtz-xdl-z-2,GigabitEthernet3/1/0
zjtz-yzj-z-1,GigabitEthernet3/1/0
zjwz-gd-z-1,GigabitEthernet3/1/0
zjwz-lwdl-z-2,GigabitEthernet3/1/0
gsby-ctc-z-2,GigabitEthernet3/1/1
gsdx-ltds-z-2,GigabitEthernet3/1/1
gsjc-zxjf-z-2,GigabitEthernet3/1/1
gslx-ltds-z-2,GigabitEthernet3/1/1
gsww-bgjf-z-2,GigabitEthernet3/1/1
gzgy-jy-b-1,GigabitEthernet3/1/1
gzgy-tpq-b-2,GigabitEthernet3/1/1
jljl-hnj-b-1,GigabitEthernet3/1/1
nmhh-esn-b-1,GigabitEthernet3/1/1
nmhh-ysn-b-2,GigabitEthernet3/1/1
ahhf-bh-b-2,GigabitEthernet3/1/2
ahhf-zwq-b-1,GigabitEthernet3/1/2
gzgy-jy-b-1,GigabitEthernet3/1/2
gzgy-tpq-b-2,GigabitEthernet3/1/2
hncs-gt-b-1,GigabitEthernet3/1/2
hncs-yyl-b-2,GigabitEthernet3/1/2
nmhh-esn-b-1,GigabitEthernet3/1/2
nmhh-ysn-b-2,GigabitEthernet3/1/2
ahhf-bh-b-2,GigabitEthernet3/1/3
ahhf-zwq-b-1,GigabitEthernet3/1/3
hncs-gt-b-1,GigabitEthernet3/1/3
hncs-yyl-b-2,GigabitEthernet3/1/3
jlcc-esn-b-2,GigabitEthernet3/1/3
nmhh-esn-b-1,GigabitEthernet3/1/3
nmhh-ysn-b-2,GigabitEthernet3/1/3
hncs-gt-b-1,GigabitEthernet3/1/4
hncs-yyl-b-2,GigabitEthernet3/1/4
jljl-hnj-b-1,GigabitEthernet3/1/4
nmhh-esn-b-1,GigabitEthernet3/1/4
nmhh-ysn-b-2,GigabitEthernet3/1/4
hncs-gt-b-1,GigabitEthernet3/1/5
hncs-yyl-b-2,GigabitEthernet3/1/5
snxa-dwl-c-2,GigabitEthernet3/2/0
snxa-xgx-c-1,GigabitEthernet3/2/0
snxa-dwl-c-2,GigabitEthernet3/2/2
snxa-xgx-c-1,GigabitEthernet3/2/2
snxa-dwl-c-2,GigabitEthernet3/2/3
snxa-xgx-c-1,GigabitEthernet3/2/3
snxa-dwl-c-2,GigabitEthernet3/2/4
snxa-xgx-c-1,GigabitEthernet3/2/4
ahhf-bh-b-2,GigabitEthernet4/0/0
ahhf-zwq-b-1,GigabitEthernet4/0/0
cqcq-st-g-1,GigabitEthernet4/0/0
cqcq-zms-g-2,GigabitEthernet4/0/0
fjfz-jyz-g-1,GigabitEthernet4/0/0
fjfz-shg-g-2,GigabitEthernet4/0/0
fjxm-rjy-g-1,GigabitEthernet4/0/0
gdzh-scyz-z-1,GigabitEthernet4/0/0
gdzh-xsk-z-2,GigabitEthernet4/0/0
gdzs-ltdl-z-1,GigabitEthernet4/0/0
gdzs-xyt-z-2,GigabitEthernet4/0/0
gslz-esn-b-2,GigabitEthernet4/0/0
gslz-yt-b-1,GigabitEthernet4/0/0
gslz-yt-g-1,GigabitEthernet4/0/0
gslz-yt-g-2,GigabitEthernet4/0/0
gxnn-dmgx-g-2,GigabitEthernet4/0/0
gxnn-rjy-g-1,GigabitEthernet4/0/0
gzgy-jy-b-1,GigabitEthernet4/0/0
gzgy-jy-g-2,GigabitEthernet4/0/0
gzgy-tpq-b-2,GigabitEthernet4/0/0
gzgy-tpq-g-1,GigabitEthernet4/0/0
hbwh-gs-g-1,GigabitEthernet4/0/0
hbwh-xgl-g-2,GigabitEthernet4/0/0
hecd-snl-z-1,GigabitEthernet4/0/0
hehs-hpl-z-1,GigabitEthernet4/0/0
hets-xxg-b-2,GigabitEthernet4/0/0
hets-xz-b-1,GigabitEthernet4/0/0
hext-ysn-z-1,GigabitEthernet4/0/0
hlhr-ysn-b-1,GigabitEthernet4/0/0
hlhr-ysn-b-2,GigabitEthernet4/0/0
hlhr-ysn-g-1,GigabitEthernet4/0/0
hlhr-ysn-g-2,GigabitEthernet4/0/0
hncs-gt-b-1,GigabitEthernet4/0/0
hncs-yyl-b-2,GigabitEthernet4/0/0
hnyy-nhjf-z-2,GigabitEthernet4/0/0
hnyy-shjf-z-1,GigabitEthernet4/0/0
jlbc-efj-z-1,GigabitEthernet4/0/0
jlbc-lfj-z-2,GigabitEthernet4/0/0
jlcc-esn-b-2,GigabitEthernet4/0/0
jljl-hnj-b-1,GigabitEthernet4/0/0
jljl-hnj-z-1,GigabitEthernet4/0/0
jljl-zqj-z-2,GigabitEthernet4/0/0
jlly-zsj-z-1,GigabitEthernet4/0/0
jlsy-yjj-z-2,GigabitEthernet4/0/0
jlth-xhl-z-2,GigabitEthernet4/0/0
jscz-bads-g-1,GigabitEthernet4/0/0
jswx-yf-g-1,GigabitEthernet4/0/0
lnas-fr-z-2,GigabitEthernet4/0/0
lnas-jd-z-1,GigabitEthernet4/0/0
lnbx-cj-z-2,GigabitEthernet4/0/0
lnbx-ps-z-1,GigabitEthernet4/0/0
lnhld-ls-z-2,GigabitEthernet4/0/0
lnhld-lw-z-1,GigabitEthernet4/0/0
lnjz-tn-z-2,GigabitEthernet4/0/0
lnjz-xl-z-1,GigabitEthernet4/0/0
nmam-82j2f-z-2,GigabitEthernet4/0/0
nmbm-jfj4f-z-2,GigabitEthernet4/0/0
nmhh-esn-b-1,GigabitEthernet4/0/0
nmhh-ysn-b-2,GigabitEthernet4/0/0
nmhlbr-xlt4f-z-2,GigabitEthernet4/0/0
nmwh-lz4f-z-2,GigabitEthernet4/0/0
nmwlcb-zxj2f-z-2,GigabitEthernet4/0/0
nmxlgl-kfq2f-z-2,GigabitEthernet4/0/0
nxwz-yzj-z-1,GigabitEthernet4/0/0
sccd-ht-g-1,GigabitEthernet4/0/0
sccd-ymk-c-2,GigabitEthernet4/0/0
sccd-ymk-g-2,GigabitEthernet4/0/0
sdjn-slc-b-1,GigabitEthernet4/0/0
sdjn-ssn-b-2,GigabitEthernet4/0/0
sdqd-lydl-b-1,GigabitEthernet4/0/0
sdqd-lydl-g-1,GigabitEthernet4/0/0
sdqd-sdl-b-2,GigabitEthernet4/0/0
sdwh-532-g-1,GigabitEthernet4/0/0
sxty-esn-g-2,GigabitEthernet4/0/0
sxty-ysn-g-1,GigabitEthernet4/0/0
tjtj-jyd-g-1,GigabitEthernet4/0/0
tjtj-xsl-g-2,GigabitEthernet4/0/0
zjhz-bj-b-2,GigabitEthernet4/0/0
zjhz-hb-b-1,GigabitEthernet4/0/0
zjnb-kt-b-1,GigabitEthernet4/0/0
zjnb-ltxdl-b-2,GigabitEthernet4/0/0
zjnb-ltxdl-g-1,GigabitEthernet4/0/0
gslz-esn-b-2,GigabitEthernet4/0/1
gslz-yt-b-1,GigabitEthernet4/0/1
gzgy-jy-b-1,GigabitEthernet4/0/1
gzgy-tpq-b-2,GigabitEthernet4/0/1
hets-xz-b-1,GigabitEthernet4/0/1
hlhr-ysn-b-1,GigabitEthernet4/0/1
hlhr-ysn-b-2,GigabitEthernet4/0/1
hncs-gt-b-1,GigabitEthernet4/0/1
hncs-yyl-b-2,GigabitEthernet4/0/1
jlbc-efj-z-1,GigabitEthernet4/0/1
jlcc-esn-b-2,GigabitEthernet4/0/1
jljl-hnj-b-1,GigabitEthernet4/0/1
jlly-zsj-z-1,GigabitEthernet4/0/1
jlsy-snl-z-1,GigabitEthernet4/0/1
jsnj-jn4f-g-1,GigabitEthernet4/0/1
jsnj-jn4f-g-2,GigabitEthernet4/0/1
lnsy-hx-g-2,GigabitEthernet4/0/1
nmhh-esn-b-1,GigabitEthernet4/0/1
nmhh-ysn-b-2,GigabitEthernet4/0/1
sccd-ht-g-1,GigabitEthernet4/0/1
sccd-ymk-c-2,GigabitEthernet4/0/1
sccd-ymk-g-2,GigabitEthernet4/0/1
sdjn-slc-b-1,GigabitEthernet4/0/1
sdjn-ssn-b-2,GigabitEthernet4/0/1
sdqd-lydl-b-1,GigabitEthernet4/0/1
sdqd-sdl-b-2,GigabitEthernet4/0/1
xjshz-jsj-z-1,GigabitEthernet4/0/1
zjhz-bj-b-2,GigabitEthernet4/0/1
zjhz-hb-b-1,GigabitEthernet4/0/1
sccd-ymk-c-2,GigabitEthernet4/0/10
ahhf-bh-b-2,GigabitEthernet4/0/2
ahhf-zwq-b-1,GigabitEthernet4/0/2
fjly-lh-z-2,GigabitEthernet4/0/2
fjly-nh-z-1,GigabitEthernet4/0/2
fjnd-lyc-z-1,GigabitEthernet4/0/2
fjnd-xdl-z-2,GigabitEthernet4/0/2
fjnp-hjs-z-2,GigabitEthernet4/0/2
fjnp-zhl-z-1,GigabitEthernet4/0/2
fjpt-fm-z-2,GigabitEthernet4/0/2
fjpt-sx-z-1,GigabitEthernet4/0/2
fjsm-xdl-z-1,GigabitEthernet4/0/2
fjsm-xy-z-2,GigabitEthernet4/0/2
fjzz-fz-z-2,GigabitEthernet4/0/2
fjzz-rc-z-1,GigabitEthernet4/0/2
gxnn-dmgx-b-2,GigabitEthernet4/0/2
gxnn-rjy-b-1,GigabitEthernet4/0/2
hesj-ysn-b-1,GigabitEthernet4/0/2
hlhr-ysn-b-1,GigabitEthernet4/0/2
hlhr-ysn-b-2,GigabitEthernet4/0/2
hncs-gt-b-1,GigabitEthernet4/0/2
hncs-yyl-b-2,GigabitEthernet4/0/2
jlcc-esn-b-2,GigabitEthernet4/0/2
jljl-hnj-b-1,GigabitEthernet4/0/2
nmhh-esn-b-1,GigabitEthernet4/0/2
nmhh-ysn-b-2,GigabitEthernet4/0/2
sccd-ymk-c-2,GigabitEthernet4/0/2
sdjn-ssn-b-2,GigabitEthernet4/0/2
sdqd-lydl-b-1,GigabitEthernet4/0/2
gxnn-dmgx-b-2,GigabitEthernet4/0/3
gxnn-rjy-b-1,GigabitEthernet4/0/3
hesj-esn-b-2,GigabitEthernet4/0/3
hlhr-ysn-b-1,GigabitEthernet4/0/3
hlhr-ysn-b-2,GigabitEthernet4/0/3
jlcc-esn-b-2,GigabitEthernet4/0/3
jljl-hnj-b-1,GigabitEthernet4/0/3
sccd-ymk-c-2,GigabitEthernet4/0/3
sdjn-ssn-b-2,GigabitEthernet4/0/3
sdqd-lydl-b-1,GigabitEthernet4/0/3
sxty-esn-b-2,GigabitEthernet4/0/3
sxty-ysn-b-1,GigabitEthernet4/0/3
zjhz-bj-b-2,GigabitEthernet4/0/3
zjhz-hb-b-1,GigabitEthernet4/0/3
zjnb-kt-b-1,GigabitEthernet4/0/3
zjnb-ltxdl-b-2,GigabitEthernet4/0/3
gslz-esn-b-2,GigabitEthernet4/0/4
gslz-yt-b-1,GigabitEthernet4/0/4
hncs-gt-b-1,GigabitEthernet4/0/4
hncs-yyl-b-2,GigabitEthernet4/0/4
jlcc-esn-b-2,GigabitEthernet4/0/4
jljl-hnj-b-1,GigabitEthernet4/0/4
sccd-ymk-c-2,GigabitEthernet4/0/4
sdjn-ssn-b-2,GigabitEthernet4/0/4
sdqd-lydl-b-1,GigabitEthernet4/0/4
sxty-esn-b-2,GigabitEthernet4/0/4
sxty-ysn-b-1,GigabitEthernet4/0/4
gslz-esn-b-2,GigabitEthernet4/0/5
gslz-yt-b-1,GigabitEthernet4/0/5
hlhr-ysn-b-2,GigabitEthernet4/0/5
sccd-ymk-c-2,GigabitEthernet4/0/5
sdjn-ssn-b-2,GigabitEthernet4/0/5
sdqd-lydl-b-1,GigabitEthernet4/0/5
sdqd-sdl-b-2,GigabitEthernet4/0/5
sccd-ymk-c-2,GigabitEthernet4/0/6
zjhz-bj-b-2,GigabitEthernet4/0/6
zjhz-hb-b-1,GigabitEthernet4/0/6
gslz-esn-b-2,GigabitEthernet4/0/7
hesj-esn-b-2,GigabitEthernet4/0/7
sccd-ymk-c-2,GigabitEthernet4/0/7
gslz-esn-b-2,GigabitEthernet4/0/8
sccd-ymk-c-2,GigabitEthernet4/0/8
gslz-esn-b-2,GigabitEthernet4/0/9
sccd-ymk-c-2,GigabitEthernet4/0/9
gslz-esn-b-2,GigabitEthernet4/1/0
hapd-xdl-z-1,GigabitEthernet4/1/0
hapd-zxbl-z-2,GigabitEthernet4/1/0
hasm-xdl-z-1,GigabitEthernet4/1/0
hasm-xsl-z-2,GigabitEthernet4/1/0
hazm-502-z-2,GigabitEthernet4/1/0
hazm-xdl-z-1,GigabitEthernet4/1/0
hesj-esn-b-2,GigabitEthernet4/1/0
hesj-ysn-b-1,GigabitEthernet4/1/0
hets-xxg-b-2,GigabitEthernet4/1/0
hets-xz-b-1,GigabitEthernet4/1/0
hlsh-hsl-b-1,GigabitEthernet4/1/0
hlsh-hsl-z-1,GigabitEthernet4/1/0
hlsh-hwl-b-2,GigabitEthernet4/1/0
hlsh-qsl-z-2,GigabitEthernet4/1/0
jlbc-efj-z-1,GigabitEthernet4/1/0
jlly-zsj-z-1,GigabitEthernet4/1/0
jlsy-snl-z-1,GigabitEthernet4/1/0
sdqd-lydl-b-1,GigabitEthernet4/1/0
gslz-esn-b-2,GigabitEthernet4/1/1
haly-ln-b-2,GigabitEthernet4/1/1
haly-xgl-b-1,GigabitEthernet4/1/1
hlsh-hsl-b-1,GigabitEthernet4/1/1
hlsh-hwl-b-2,GigabitEthernet4/1/1
zjhz-bj-b-2,GigabitEthernet4/1/1
zjhz-hb-b-1,GigabitEthernet4/1/1
zjnb-kt-b-1,GigabitEthernet4/1/1
zjnb-ltxdl-b-2,GigabitEthernet4/1/1
gslz-esn-b-2,GigabitEthernet4/1/2
hlhr-ysn-b-1,GigabitEthernet4/1/2
hlhr-ysn-b-2,GigabitEthernet4/1/2
sxty-esn-b-2,GigabitEthernet4/1/2
sxty-ysn-b-1,GigabitEthernet4/1/2
zjnb-kt-b-1,GigabitEthernet4/1/2
zjnb-ltxdl-b-2,GigabitEthernet4/1/2
gslz-esn-b-2,GigabitEthernet4/1/3
sxty-esn-b-2,GigabitEthernet4/1/3
sxty-ysn-b-1,GigabitEthernet4/1/3
zjnb-kt-b-1,GigabitEthernet4/1/3
zjnb-ltxdl-b-2,GigabitEthernet4/1/3
gslz-esn-b-2,GigabitEthernet4/1/4
haly-ln-b-2,GigabitEthernet4/1/4
hlsh-hsl-b-1,GigabitEthernet4/1/4
hlsh-hwl-b-2,GigabitEthernet4/1/4
sdjn-ssn-b-2,GigabitEthernet4/1/4
sxty-esn-b-2,GigabitEthernet4/1/4
sxty-ysn-b-1,GigabitEthernet4/1/4
zjnb-kt-b-1,GigabitEthernet4/1/4
zjnb-ltxdl-b-2,GigabitEthernet4/1/4
gslz-esn-b-2,GigabitEthernet4/1/5
sxty-esn-b-2,GigabitEthernet4/1/5
sxty-ysn-b-1,GigabitEthernet4/1/5
gslz-esn-b-2,GigabitEthernet4/1/6
gslz-esn-b-2,GigabitEthernet4/1/9
snxa-dwl-c-2,GigabitEthernet4/2/0
snxa-xgx-c-1,GigabitEthernet4/2/0
snxa-dwl-c-2,GigabitEthernet4/2/1
snxa-xgx-c-1,GigabitEthernet4/2/1
snxa-dwl-c-2,GigabitEthernet4/2/2
snxa-xgx-c-1,GigabitEthernet4/2/2
snxa-dwl-c-2,GigabitEthernet4/2/4
snxa-xgx-c-1,GigabitEthernet4/2/4
haly-ln-b-2,GigabitEthernet5/0/0
haly-xgl-b-1,GigabitEthernet5/0/0
hazz-ecl-b-2,GigabitEthernet5/0/0
hazz-zyl-b-1,GigabitEthernet5/0/0
hazz-zyl-g-1,GigabitEthernet5/0/0
hazz-zyl-g-2,GigabitEthernet5/0/0
hbwh-gs-c-1,GigabitEthernet5/0/0
hbwh-xgl-c-2,GigabitEthernet5/0/0
hecd-kfq-z-2,GigabitEthernet5/0/0
hehs-rml-z-2,GigabitEthernet5/0/0
hets-xxg-b-2,GigabitEthernet5/0/0
hets-xz-b-1,GigabitEthernet5/0/0
hext-esn-z-2,GigabitEthernet5/0/0
hncs-gt-b-1,GigabitEthernet5/0/0
hncs-yyl-b-2,GigabitEthernet5/0/0
jlly-snl-z-2,GigabitEthernet5/0/0
jlsp-35-z-2,GigabitEthernet5/0/0
jlsp-ltds-z-1,GigabitEthernet5/0/0
jlyj-hnj-z-1,GigabitEthernet5/0/0
jscz-bads-g-1,GigabitEthernet5/0/0
jsnj-jn4f-g-1,GigabitEthernet5/0/0
jsnj-jn4f-g-2,GigabitEthernet5/0/0
jssz-gx-g-1,GigabitEthernet5/0/0
jswx-yf-g-1,GigabitEthernet5/0/0
lnas-fr-z-2,GigabitEthernet5/0/0
lnas-jd-z-1,GigabitEthernet5/0/0
lnbx-cj-z-2,GigabitEthernet5/0/0
lnbx-ps-z-1,GigabitEthernet5/0/0
lnjz-tn-z-2,GigabitEthernet5/0/0
lnjz-xl-z-1,GigabitEthernet5/0/0
lnsy-hx-g-2,GigabitEthernet5/0/0
nmam-83j2f-z-1,GigabitEthernet5/0/0
nmbm-82j6f-z-1,GigabitEthernet5/0/0
nmhlbr-82j4f-z-1,GigabitEthernet5/0/0
nmwh-zxj3f-z-1,GigabitEthernet5/0/0
nmwlcb-hsj2f-z-1,GigabitEthernet5/0/0
sdjn-slc-b-1,GigabitEthernet5/0/0
sdqd-lydl-b-1,GigabitEthernet5/0/0
sdqd-lydl-g-1,GigabitEthernet5/0/0
sdqd-sdl-b-2,GigabitEthernet5/0/0
sdwh-532-g-1,GigabitEthernet5/0/0
snxa-dwl-g-2,GigabitEthernet5/0/0
snxa-xgx-g-1,GigabitEthernet5/0/0
sxty-esn-b-2,GigabitEthernet5/0/0
sxty-esn-g-2,GigabitEthernet5/0/0
sxty-ysn-b-1,GigabitEthernet5/0/0
sxty-ysn-g-1,GigabitEthernet5/0/0
zjhz-bj-b-2,GigabitEthernet5/0/0
zjhz-hb-b-1,GigabitEthernet5/0/0
zjnb-kt-b-1,GigabitEthernet5/0/0
zjnb-ltxdl-b-2,GigabitEthernet5/0/0
zjnb-ltxdl-g-1,GigabitEthernet5/0/0
hazz-ecl-b-2,GigabitEthernet5/0/1
hazz-zyl-b-1,GigabitEthernet5/0/1
hecd-kfq-z-2,GigabitEthernet5/0/1
hehs-rml-z-2,GigabitEthernet5/0/1
hets-xxg-b-2,GigabitEthernet5/0/1
hets-xz-b-1,GigabitEthernet5/0/1
hext-esn-z-2,GigabitEthernet5/0/1
hncs-gt-b-1,GigabitEthernet5/0/1
hncs-yyl-b-2,GigabitEthernet5/0/1
jlsp-ltds-z-1,GigabitEthernet5/0/1
jlyj-hnj-z-1,GigabitEthernet5/0/1
lnsy-sf-g-1,GigabitEthernet5/0/1
sccd-ht-c-1,GigabitEthernet5/0/1
sdjn-slc-b-1,GigabitEthernet5/0/1
sdqd-lydl-b-1,GigabitEthernet5/0/1
sdqd-sdl-b-2,GigabitEthernet5/0/1
sxty-esn-b-2,GigabitEthernet5/0/1
sxty-ysn-b-1,GigabitEthernet5/0/1
zjhz-bj-b-2,GigabitEthernet5/0/1
zjhz-hb-b-1,GigabitEthernet5/0/1
zjnb-kt-b-1,GigabitEthernet5/0/1
zjnb-ltxdl-b-2,GigabitEthernet5/0/1
hlsh-hsl-b-1,GigabitEthernet5/0/2
hlsh-hwl-b-2,GigabitEthernet5/0/2
hncs-gt-b-1,GigabitEthernet5/0/2
hncs-yyl-b-2,GigabitEthernet5/0/2
sxty-esn-b-2,GigabitEthernet5/0/2
sxty-ysn-b-1,GigabitEthernet5/0/2
zjhz-bj-b-2,GigabitEthernet5/0/2
zjhz-hb-b-1,GigabitEthernet5/0/2
zjnb-kt-b-1,GigabitEthernet5/0/2
zjnb-ltxdl-b-2,GigabitEthernet5/0/2
nmxlgl-zxj2f-z-1,GigabitEthernet5/0/3
zjnb-kt-b-1,GigabitEthernet5/0/3
zjnb-ltxdl-b-2,GigabitEthernet5/0/3
hazz-ecl-b-2,GigabitEthernet5/0/4
hazz-zyl-b-1,GigabitEthernet5/0/4
sccd-ht-c-1,GigabitEthernet5/0/4
sxty-esn-b-2,GigabitEthernet5/0/4
zjhz-bj-b-2,GigabitEthernet5/0/4
zjhz-hb-b-1,GigabitEthernet5/0/4
zjnb-kt-b-1,GigabitEthernet5/0/4
zjnb-ltxdl-b-2,GigabitEthernet5/0/4
hesj-ysn-b-1,GigabitEthernet5/0/5
hets-xxg-b-2,GigabitEthernet5/0/5
sdjn-ssn-b-2,GigabitEthernet5/0/5
sdqd-lydl-b-1,GigabitEthernet5/0/5
sxty-esn-b-2,GigabitEthernet5/0/5
sxty-ysn-b-1,GigabitEthernet5/0/5
xjwl-tfds-b-1,GigabitEthernet5/0/6
xjwl-tjl-b-2,GigabitEthernet5/0/6
xjwl-tfds-b-1,GigabitEthernet5/0/7
xjwl-tjl-b-2,GigabitEthernet5/0/7
hazz-ecl-b-2,GigabitEthernet5/1/0
hazz-zyl-b-1,GigabitEthernet5/1/0
jlsp-ltds-z-1,GigabitEthernet5/1/0
jlyj-hnj-z-1,GigabitEthernet5/1/0
nmwlcb-hsj2f-z-1,GigabitEthernet5/1/0
sdjn-ssn-b-2,GigabitEthernet5/1/0
sxty-esn-b-2,GigabitEthernet5/1/0
sxty-ysn-b-1,GigabitEthernet5/1/0
zjhz-bj-b-2,GigabitEthernet5/1/0
zjhz-hb-b-1,GigabitEthernet5/1/0
zjnb-kt-b-1,GigabitEthernet5/1/0
zjnb-ltxdl-b-2,GigabitEthernet5/1/0
hazz-ecl-b-2,GigabitEthernet5/1/1
hazz-zyl-b-1,GigabitEthernet5/1/1
sdjn-slc-b-1,GigabitEthernet5/1/1
sdqd-sdl-b-2,GigabitEthernet5/1/1
sxty-esn-b-2,GigabitEthernet5/1/1
sxty-ysn-b-1,GigabitEthernet5/1/1
zjhz-bj-b-2,GigabitEthernet5/1/1
zjhz-hb-b-1,GigabitEthernet5/1/1
sdjn-slc-b-1,GigabitEthernet5/1/2
sdqd-sdl-b-2,GigabitEthernet5/1/2
sxty-esn-b-2,GigabitEthernet5/1/2
sxty-ysn-b-1,GigabitEthernet5/1/2
zjhz-bj-b-2,GigabitEthernet5/1/2
zjhz-hb-b-1,GigabitEthernet5/1/2
sdqd-sdl-b-2,GigabitEthernet5/1/3
sdjn-slc-b-1,GigabitEthernet5/1/4
sdqd-lydl-b-1,GigabitEthernet5/1/4
sxty-ysn-b-1,GigabitEthernet5/1/4
sdjn-slc-b-1,GigabitEthernet5/1/5
sdqd-sdl-b-2,GigabitEthernet5/1/5
sxty-esn-b-2,GigabitEthernet5/1/5
sxty-ysn-b-1,GigabitEthernet5/1/5
shsh-chj-c-1,GigabitEthernet5/2/0
bjbj-ch-c-1,GigabitEthernet5/2/1
bjbj-fz-c-2,GigabitEthernet5/2/1
bjbj-ch-c-1,GigabitEthernet5/2/2
bjbj-fz-c-2,GigabitEthernet5/2/2
gdgz-kxc-c-2,GigabitEthernet5/2/3
gdgz-xm-c-1,GigabitEthernet5/2/3
gdgz-kxc-c-2,GigabitEthernet5/2/4
gdgz-xm-c-1,GigabitEthernet5/2/4
fjxm-rjy-b-2,GigabitEthernet6/0/0
hazz-zyl-g-1,GigabitEthernet6/0/0
hazz-zyl-g-2,GigabitEthernet6/0/0
hesj-esn-b-2,GigabitEthernet6/0/0
hesj-ysn-b-1,GigabitEthernet6/0/0
hlhr-ysn-b-1,GigabitEthernet6/0/0
hlhr-ysn-b-2,GigabitEthernet6/0/0
jlth-jsl-z-1,GigabitEthernet6/0/0
jsnj-hx-b-2,GigabitEthernet6/0/0
jsnj-jn-b-1,GigabitEthernet6/0/0
jssz-gx-g-1,GigabitEthernet6/0/0
lncy-28-z-1,GigabitEthernet6/0/0
lncy-39-z-2,GigabitEthernet6/0/0
lnfx-sj-z-1,GigabitEthernet6/0/0
lnfx-xy-z-2,GigabitEthernet6/0/0
lnly-sg-z-2,GigabitEthernet6/0/0
lnly-xg-z-1,GigabitEthernet6/0/0
lnsy-sf-c-1,GigabitEthernet6/0/0
lnsy-sf-g-1,GigabitEthernet6/0/0
lntl-ly-z-1,GigabitEthernet6/0/0
lntl-zq-z-2,GigabitEthernet6/0/0
nmam-83j2f-z-1,GigabitEthernet6/0/0
nmwlcb-hsj2f-z-1,GigabitEthernet6/0/0
sccd-ht-c-1,GigabitEthernet6/0/0
sccd-ht-g-1,GigabitEthernet6/0/0
sccd-ymk-g-2,GigabitEthernet6/0/0
sdjn-slc-b-1,GigabitEthernet6/0/0
sdjn-ssn-b-2,GigabitEthernet6/0/0
sdqd-lydl-b-1,GigabitEthernet6/0/0
sdqd-sdl-b-2,GigabitEthernet6/0/0
snxa-dwl-g-2,GigabitEthernet6/0/0
snxa-xgx-g-1,GigabitEthernet6/0/0
ynkm-nt-b-1,GigabitEthernet6/0/0
ynyx-by-b-2,GigabitEthernet6/0/0
hesj-esn-b-2,GigabitEthernet6/0/1
hesj-ysn-b-1,GigabitEthernet6/0/1
jlth-jsl-z-1,GigabitEthernet6/0/1
jsnj-hx-b-2,GigabitEthernet6/0/1
jsnj-jn-b-1,GigabitEthernet6/0/1
lnsy-hx-c-2,GigabitEthernet6/0/1
nmwlcb-hsj2f-z-1,GigabitEthernet6/0/1
sccd-ht-c-1,GigabitEthernet6/0/1
sccd-ht-g-1,GigabitEthernet6/0/1
sccd-ymk-g-2,GigabitEthernet6/0/1
sdjn-slc-b-1,GigabitEthernet6/0/1
sdjn-ssn-b-2,GigabitEthernet6/0/1
ynkm-nt-b-1,GigabitEthernet6/0/1
ynyx-by-b-2,GigabitEthernet6/0/1
sccd-ht-c-1,GigabitEthernet6/0/10
hesj-esn-b-2,GigabitEthernet6/0/2
hesj-ysn-b-1,GigabitEthernet6/0/2
sccd-ht-c-1,GigabitEthernet6/0/2
sdjn-slc-b-1,GigabitEthernet6/0/2
sdjn-ssn-b-2,GigabitEthernet6/0/2
ynkm-nt-b-1,GigabitEthernet6/0/2
ynyx-by-b-2,GigabitEthernet6/0/2
zjnb-kt-b-1,GigabitEthernet6/0/2
zjnb-ltxdl-b-2,GigabitEthernet6/0/2
fjxm-rjy-b-2,GigabitEthernet6/0/3
hesj-esn-b-2,GigabitEthernet6/0/3
hesj-ysn-b-1,GigabitEthernet6/0/3
hlhr-ysn-b-1,GigabitEthernet6/0/3
hlhr-ysn-b-2,GigabitEthernet6/0/3
sccd-ht-c-1,GigabitEthernet6/0/3
sdjn-slc-b-1,GigabitEthernet6/0/3
sdjn-ssn-b-2,GigabitEthernet6/0/3
sdqd-sdl-b-2,GigabitEthernet6/0/3
sccd-ht-c-1,GigabitEthernet6/0/4
sccd-ht-c-1,GigabitEthernet6/0/5
sccd-ht-c-1,GigabitEthernet6/0/6
sccd-ht-c-1,GigabitEthernet6/0/7
sccd-ht-c-1,GigabitEthernet6/0/8
sccd-ht-c-1,GigabitEthernet6/0/9
fjfz-jyz-b-1,GigabitEthernet6/1/0
hecd-kfq-z-2,GigabitEthernet6/1/0
hehs-rml-z-2,GigabitEthernet6/1/0
jlth-jsl-z-1,GigabitEthernet6/1/0
nmam-83j2f-z-1,GigabitEthernet6/1/0
hext-esn-z-2,GigabitEthernet6/1/12
hecd-kfq-z-2,GigabitEthernet6/1/2
fjfz-jyz-b-1,GigabitEthernet6/1/3
jsnj-hx-b-2,GigabitEthernet6/1/3
jsnj-jn-b-1,GigabitEthernet6/1/3
jsnj-hx-b-2,GigabitEthernet6/1/4
jsnj-jn-b-1,GigabitEthernet6/1/4
shsh-jq-g-2,GigabitEthernet6/1/4
gdgz-kxc-c-2,GigabitEthernet6/2/0
gdgz-xm-c-1,GigabitEthernet6/2/0
hbwh-gs-c-1,GigabitEthernet6/2/0
hbwh-xgl-c-2,GigabitEthernet6/2/0
hbwh-gs-c-1,GigabitEthernet6/2/10
hbwh-xgl-c-2,GigabitEthernet6/2/10
hbwh-gs-c-1,GigabitEthernet6/2/11
hbwh-xgl-c-2,GigabitEthernet6/2/11
hbwh-gs-c-1,GigabitEthernet6/2/12
hbwh-xgl-c-2,GigabitEthernet6/2/12
hbwh-gs-c-1,GigabitEthernet6/2/2
hbwh-xgl-c-2,GigabitEthernet6/2/2
hbwh-gs-c-1,GigabitEthernet6/2/3
hbwh-xgl-c-2,GigabitEthernet6/2/3
hbwh-gs-c-1,GigabitEthernet6/2/5
hbwh-xgl-c-2,GigabitEthernet6/2/5
hbwh-gs-c-1,GigabitEthernet6/2/6
hbwh-xgl-c-2,GigabitEthernet6/2/6
hbwh-gs-c-1,GigabitEthernet6/2/7
hbwh-xgl-c-2,GigabitEthernet6/2/7
hbwh-gs-c-1,GigabitEthernet6/2/8
hbwh-xgl-c-2,GigabitEthernet6/2/8
hbwh-gs-c-1,GigabitEthernet6/2/9
hbwh-xgl-c-2,GigabitEthernet6/2/9
fjfz-jyz-b-1,GigabitEthernet7/0/0
fjxm-rjy-b-2,GigabitEthernet7/0/0
hbwh-gs-c-1,GigabitEthernet7/0/0
hbwh-xgl-c-2,GigabitEthernet7/0/0
hexa-ax-z-2,GigabitEthernet7/0/0
hexa-rc-z-1,GigabitEthernet7/0/0
lncy-28-z-1,GigabitEthernet7/0/0
lncy-39-z-2,GigabitEthernet7/0/0
lnfx-sj-z-1,GigabitEthernet7/0/0
lnfx-xy-z-2,GigabitEthernet7/0/0
lnly-sg-z-2,GigabitEthernet7/0/0
lnly-xg-z-1,GigabitEthernet7/0/0
lntl-ly-z-1,GigabitEthernet7/0/0
lntl-zq-z-2,GigabitEthernet7/0/0
snxa-dwl-c-2,GigabitEthernet7/0/0
snxa-xgx-c-1,GigabitEthernet7/0/0
hbwh-gs-c-1,GigabitEthernet7/0/1
hbwh-xgl-c-2,GigabitEthernet7/0/1
snxa-dwl-c-2,GigabitEthernet7/0/1
snxa-xgx-c-1,GigabitEthernet7/0/1
hbwh-gs-c-1,GigabitEthernet7/0/2
hbwh-xgl-c-2,GigabitEthernet7/0/2
fjfz-jyz-b-1,GigabitEthernet7/0/3
fjxm-rjy-b-2,GigabitEthernet7/0/3
fjfz-jyz-b-1,GigabitEthernet7/0/4
fjxm-rjy-b-2,GigabitEthernet7/0/4
fjfz-jyz-b-1,GigabitEthernet7/0/5
fjxm-rjy-b-2,GigabitEthernet7/0/5
fjfz-jyz-b-1,GigabitEthernet7/1/0
fjxm-rjy-b-2,GigabitEthernet7/1/0
fjfz-jyz-b-1,GigabitEthernet7/1/3
fjxm-rjy-b-2,GigabitEthernet7/1/3
shsh-jq-g-1,GigabitEthernet7/1/4
shsh-jq-g-2,GigabitEthernet7/1/4
fjfz-jyz-b-1,GigabitEthernet8/0/0
fjxm-rjy-b-2,GigabitEthernet8/0/0
lnsy-hx-c-2,GigabitEthernet8/0/0
lnsy-sf-c-1,GigabitEthernet8/0/0
snxa-dwl-c-2,GigabitEthernet8/0/0
snxa-xgx-c-1,GigabitEthernet8/0/0
fjfz-jyz-b-1,GigabitEthernet8/0/1
fjxm-rjy-b-2,GigabitEthernet8/0/1
hbwh-gs-c-1,GigabitEthernet8/0/1
hbwh-xgl-c-2,GigabitEthernet8/0/1
jsnj-hx-b-2,GigabitEthernet8/0/1
jsnj-jn-b-1,GigabitEthernet8/0/1
lnsy-hx-c-2,GigabitEthernet8/0/1
lnsy-sf-c-1,GigabitEthernet8/0/1
snxa-dwl-c-2,GigabitEthernet8/0/1
snxa-xgx-c-1,GigabitEthernet8/0/1
fjfz-jyz-b-1,GigabitEthernet8/0/2
fjxm-rjy-b-2,GigabitEthernet8/0/2
hbwh-gs-c-1,GigabitEthernet8/0/2
hbwh-xgl-c-2,GigabitEthernet8/0/2
jsnj-hx-b-2,GigabitEthernet8/0/2
jsnj-jn-b-1,GigabitEthernet8/0/2
fjfz-jyz-b-1,GigabitEthernet8/0/3
fjxm-rjy-b-2,GigabitEthernet8/0/3
jsnj-hx-b-2,GigabitEthernet8/0/3
jsnj-jn-b-1,GigabitEthernet8/0/3
fjfz-jyz-b-1,GigabitEthernet8/0/4
fjxm-rjy-b-2,GigabitEthernet8/0/4
zjhz-bj-b-2,GigabitEthernet8/0/4
zjhz-hb-b-1,GigabitEthernet8/0/4
fjfz-jyz-b-1,GigabitEthernet8/0/5
fjxm-rjy-b-2,GigabitEthernet8/0/5
jsnj-hx-b-2,GigabitEthernet8/0/5
jsnj-jn-b-1,GigabitEthernet8/0/5
fjfz-jyz-b-1,GigabitEthernet8/0/6
fjxm-rjy-b-2,GigabitEthernet8/0/6
hldq-kfq-z-1,GigabitEthernet8/1/0
hldq-snl-z-2,GigabitEthernet8/1/0
hldx-lm-z-1,GigabitEthernet8/1/0
hldx-zx-z-2,GigabitEthernet8/1/0
hlhg-hql-z-2,GigabitEthernet8/1/0
hlhg-wtds-z-1,GigabitEthernet8/1/0
hlhh-lj-z-1,GigabitEthernet8/1/0
hlhh-xj-z-2,GigabitEthernet8/1/0
hljm-sl-z-2,GigabitEthernet8/1/0
hljm-zs-z-1,GigabitEthernet8/1/0
hljx-zqj-z-2,GigabitEthernet8/1/0
hljx-zxj-z-1,GigabitEthernet8/1/0
hlqt-mj-z-2,GigabitEthernet8/1/0
hlqt-zl-z-1,GigabitEthernet8/1/0
hlsy-js-z-1,GigabitEthernet8/1/0
hlsy-xy-z-2,GigabitEthernet8/1/0
hlyc-ll-z-1,GigabitEthernet8/1/0
hlyc-xl-z-2,GigabitEthernet8/1/0
jsnj-hx-b-2,GigabitEthernet8/1/0
jsnj-jn-b-1,GigabitEthernet8/1/0
jsnj-hx-b-2,GigabitEthernet8/1/1
jsnj-jn-b-1,GigabitEthernet8/1/1
jsnj-hx-b-2,GigabitEthernet8/1/2
jsnj-jn-b-1,GigabitEthernet8/1/2
jsnj-hx-b-2,GigabitEthernet8/1/3
jsnj-jn-b-1,GigabitEthernet8/1/3
shsh-jq-g-1,GigabitEthernet8/1/4
jsnj-hx-b-2,GigabitEthernet8/1/5
jsnj-jn-b-1,GigabitEthernet8/1/5
gdgz-kxc-c-2,GigabitEthernet8/2/0
gdgz-xm-c-1,GigabitEthernet8/2/0
gdgz-kxc-c-2,GigabitEthernet8/2/1
gdgz-xm-c-1,GigabitEthernet8/2/1
gdgz-kxc-c-2,GigabitEthernet8/2/2
gdgz-xm-c-1,GigabitEthernet8/2/2
gdgz-kxc-c-2,GigabitEthernet8/2/3
gdgz-xm-c-1,GigabitEthernet8/2/3
gdgz-kxc-c-2,GigabitEthernet8/2/4
gdgz-xm-c-1,GigabitEthernet8/2/4
gdgz-kxc-c-2,GigabitEthernet9/0/0
gdgz-xm-c-1,GigabitEthernet9/0/0
jsnj-hx-b-2,GigabitEthernet9/0/0
jsnj-jn-b-1,GigabitEthernet9/0/0
sccd-ht-c-1,GigabitEthernet9/0/0
sccd-ymk-c-2,GigabitEthernet9/0/0
shsh-chj-c-1,GigabitEthernet9/0/0
sccd-ht-c-1,GigabitEthernet9/0/1
sccd-ymk-c-2,GigabitEthernet9/0/1
shsh-chj-c-1,GigabitEthernet9/0/1
shsh-chj-c-1,GigabitEthernet9/0/2
gdgz-kxc-c-2,GigabitEthernet9/0/3
gdgz-xm-c-1,GigabitEthernet9/0/3
gdgz-kxc-c-2,GigabitEthernet9/0/4
gdgz-xm-c-1,GigabitEthernet9/0/4
jsnj-hx-b-2,GigabitEthernet9/0/4
jsnj-jn-b-1,GigabitEthernet9/0/4
sccd-ymk-c-2,GigabitEthernet9/0/4
shsh-sb-c-2,GigabitEthernet9/2/2
shsh-sb-c-2,GigabitEthernet9/2/3
shsh-sb-c-2,GigabitEthernet9/2/4
ahbb-ltxdl-z-2,Pos1/0/0
ahbb-yc-z-1,Pos1/0/0
ahbz-ltds-z-2,Pos1/0/0
ahbz-zql-z-1,Pos1/0/0
ahcz-ltxdl-z-2,Pos1/0/0
ahcz-ly-z-1,Pos1/0/0
ahhb-jal-z-1,Pos1/0/0
ahhb-ltds-z-2,Pos1/0/0
ahhf-bh-b-2,Pos1/0/0
ahhf-zwq-b-1,Pos1/0/0
ahhs-ltdl-z-1,Pos1/0/0
ahhs-ltdl-z-2,Pos1/0/0
ahmas-kfq-z-1,Pos1/0/0
ahmas-ltds-z-2,Pos1/0/0
ahsz-ltds-z-1,Pos1/0/0
ahsz-ltds-z-2,Pos1/0/0
ahtl-ltds-z-2,Pos1/0/0
ahtl-wlds-z-1,Pos1/0/0
ahwh-dsn-z-1,Pos1/0/0
ahwh-fdds-z-2,Pos1/0/0
ahxc-jhj-z-2,Pos1/0/0
ahxc-xdl-z-1,Pos1/0/0
bjbj-ch-c-1,Pos1/0/0
bjbj-ch-vrr-3,Pos1/0/0
bjbj-fz-c-2,Pos1/0/0
bjbj-fz-vrr-4,Pos1/0/0
fjfz-jyz-b-1,Pos1/0/0
fjxm-rjy-b-2,Pos1/0/0
gdgz-kxc-c-2,Pos1/0/0
gdgz-xm-c-1,Pos1/0/0
gdhy-gx-z-2,Pos1/0/0
gdhy-jlc-z-1,Pos1/0/0
gdjm-gs-z-1,Pos1/0/0
gdjm-xdl-z-2,Pos1/0/0
gdmm-yzdl-z-1,Pos1/0/0
gdmm-yzdl-z-2,Pos1/0/0
gdqy-cyl-z-2,Pos1/0/0
gdqy-skds-z-1,Pos1/0/0
gdsg-tf-z-2,Pos1/0/0
gdsg-xl-z-1,Pos1/0/0
gdsz-bs-g-1,Pos1/0/0
gdyf-djp-z-2,Pos1/0/0
gdyf-zhdl-z-1,Pos1/0/0
gdyj-yz-z-1,Pos1/0/0
gdyj-yz-z-2,Pos1/0/0
gdzh-scyz-z-1,Pos1/0/0
gdzh-xsk-z-2,Pos1/0/0
gdzq-yf-z-1,Pos1/0/0
gdzq-yf-z-2,Pos1/0/0
gdzs-ltdl-z-1,Pos1/0/0
gdzs-xyt-z-2,Pos1/0/0
gsby-ltds-z-1,Pos1/0/0
gsdx-ltds-z-1,Pos1/0/0
gsgn-ltds-z-1,Pos1/0/0
gsjc-zxjf-z-1,Pos1/0/0
gsjq-zxjf-z-1,Pos1/0/0
gsjy-bgl-z-1,Pos1/0/0
gsln-yzjf-z-1,Pos1/0/0
gslx-ltds-z-1,Pos1/0/0
gslz-esn-b-2,Pos1/0/0
gslz-yt-b-1,Pos1/0/0
gspl-gcl-z-1,Pos1/0/0
gsqy-ltds-z-1,Pos1/0/0
gsts-dxjf-z-1,Pos1/0/0
gsww-nkjf-z-1,Pos1/0/0
gszy-yzjf-z-1,Pos1/0/0
gxnn-dmgx-b-2,Pos1/0/0
gxnn-rjy-b-1,Pos1/0/0
gzgy-jy-b-1,Pos1/0/0
gzgy-tpq-b-2,Pos1/0/0
haay-hql-z-1,Pos1/0/0
haay-xyl-z-2,Pos1/0/0
hahb-hqj-z-2,Pos1/0/0
hahb-xdl-z-1,Pos1/0/0
hajy-jsdd-z-2,Pos1/0/0
hajy-qyj-z-1,Pos1/0/0
hajz-jf-z-2,Pos1/0/0
hakf-hxl-z-2,Pos1/0/0
hakf-xsl-z-1,Pos1/0/0
hapd-xdl-z-1,Pos1/0/0
hapd-zxbl-z-2,Pos1/0/0
hapy-shl-z-2,Pos1/0/0
hapy-xdl-z-1,Pos1/0/0
hasm-xdl-z-1,Pos1/0/0
haxc-byl-z-2,Pos1/0/0
haxc-xdl-z-1,Pos1/0/0
haxy-cwc-z-2,Pos1/0/0
haxy-xdl-z-1,Pos1/0/0
hazk-czl-z-1,Pos1/0/0
hazk-qyl-z-2,Pos1/0/0
hazm-502-z-2,Pos1/0/0
hazm-xdl-z-1,Pos1/0/0
hazz-ecl-b-2,Pos1/0/0
hazz-zyl-b-1,Pos1/0/0
hbwh-gs-c-1,Pos1/0/0
hbwh-xgl-c-2,Pos1/0/0
hecd-kfq-z-2,Pos1/0/0
hecd-snl-z-1,Pos1/0/0
hehs-hpl-z-1,Pos1/0/0
hehs-rml-z-2,Pos1/0/0
hets-xxg-b-2,Pos1/0/0
hets-xz-b-1,Pos1/0/0
hext-esn-z-2,Pos1/0/0
hext-ysn-z-1,Pos1/0/0
hihk-jp-b-2,Pos1/0/0
hihk-snl-b-1,Pos1/0/0
hldq-kfq-z-1,Pos1/0/0
hldq-snl-z-2,Pos1/0/0
hlhr-ysn-b-1,Pos1/0/0
hlhr-ysn-b-2,Pos1/0/0
hljx-zqj-z-2,Pos1/0/0
hljx-zxj-z-1,Pos1/0/0
hncd-bmh-z-1,Pos1/0/0
hncd-bmh-z-2,Pos1/0/0
hnyy-nhjf-z-2,Pos1/0/0
hnyy-shjf-z-1,Pos1/0/0
jlcc-esn-b-2,Pos1/0/0
jljl-hnj-b-1,Pos1/0/0
jxnc-hjz-b-1,Pos1/0/0
jxnc-ltgc-b-2,Pos1/0/0
lnsy-hx-c-2,Pos1/0/0
lnsy-sf-c-1,Pos1/0/0
nmbt-51j3f-z-1,Pos1/0/0
nmbt-ard6f-z-2,Pos1/0/0
nmhh-esn-b-1,Pos1/0/0
nmhh-ysn-b-2,Pos1/0/0
nmtl-ylt5f-b-2,Pos1/0/0
nmtl-zxj5f-b-1,Pos1/0/0
nmxam-82j2f-z-1,Pos1/0/0
nmxam-ylt1f-z-2,Pos1/0/0
nxyc-kfq-b-1,Pos1/0/0
nxyc-xtds-b-2,Pos1/0/0
qhxn-fhc-b-2,Pos1/0/0
qhxn-hhl-b-1,Pos1/0/0
sccd-ht-c-1,Pos1/0/0
sccd-ymk-c-2,Pos1/0/0
sdjn-slc-b-1,Pos1/0/0
sdjn-ssn-b-2,Pos1/0/0
sdqd-lydl-b-1,Pos1/0/0
sdqd-sdl-b-2,Pos1/0/0
shsh-chj-c-1,Pos1/0/0
shsh-sb-c-2,Pos1/0/0
snxa-dwl-c-2,Pos1/0/0
snxa-xgx-c-1,Pos1/0/0
sxll-zxjjdl-z-2,Pos1/0/0
sxll-zxjxdl-z-1,Pos1/0/0
sxsz-esn-z-2,Pos1/0/0
sxsz-ysn-z-1,Pos1/0/0
sxty-esn-b-2,Pos1/0/0
sxty-ysn-b-1,Pos1/0/0
sxxz-esn-z-2,Pos1/0/0
sxxz-ysn-z-1,Pos1/0/0
sxyq-esn-z-2,Pos1/0/0
sxyq-ysn-z-1,Pos1/0/0
xjwl-tfds-b-1,Pos1/0/0
xjwl-tjl-b-2,Pos1/0/0
xzls-ltdl-b-2,Pos1/0/0
xzls-lw-b-1,Pos1/0/0
ynkm-nt-b-1,Pos1/0/0
ynyx-by-b-2,Pos1/0/0
zjhz-bj-b-2,Pos1/0/0
zjhz-hb-b-1,Pos1/0/0
zjnb-kt-b-1,Pos1/0/0
zjnb-ltxdl-b-2,Pos1/0/0
ahhf-bh-b-2,Pos1/0/1
ahhf-zwq-b-1,Pos1/0/1
bjbj-ch-c-1,Pos1/0/1
bjbj-ch-vrr-1,Pos1/0/1
bjbj-fz-c-2,Pos1/0/1
bjbj-fz-vrr-2,Pos1/0/1
gdgz-kxc-c-2,Pos1/0/1
gdgz-xm-c-1,Pos1/0/1
gdgz-xm-vrr-1,Pos1/0/1
gdgz-xm-vrr-2,Pos1/0/1
gdsz-bs-g-1,Pos1/0/1
haay-hql-z-1,Pos1/0/1
haay-xyl-z-2,Pos1/0/1
hajz-xz-z-1,Pos1/0/1
hasm-xsl-z-2,Pos1/0/1
hbwh-gs-c-1,Pos1/0/1
hbwh-gs-vrr-1,Pos1/0/1
hbwh-xgl-c-2,Pos1/0/1
hbwh-xgl-vrr-2,Pos1/0/1
hecd-kfq-z-2,Pos1/0/1
hehs-rml-z-2,Pos1/0/1
hesj-esn-b-2,Pos1/0/1
hesj-ysn-b-1,Pos1/0/1
hets-xxg-b-2,Pos1/0/1
hets-xz-b-1,Pos1/0/1
hext-esn-z-2,Pos1/0/1
hihk-jp-b-2,Pos1/0/1
hihk-snl-b-1,Pos1/0/1
hncs-gt-g-1,Pos1/0/1
hncs-yyl-g-2,Pos1/0/1
jlcc-esn-b-2,Pos1/0/1
lnsy-hx-c-2,Pos1/0/1
lnsy-hx-vrr-2,Pos1/0/1
lnsy-sf-c-1,Pos1/0/1
lnsy-sf-vrr-1,Pos1/0/1
sccd-ht-c-1,Pos1/0/1
sccd-ht-vrr-1,Pos1/0/1
sccd-ymk-vrr-2,Pos1/0/1
shsh-chj-c-1,Pos1/0/1
shsh-chj-vrr-1,Pos1/0/1
shsh-sb-c-2,Pos1/0/1
shsh-sb-vrr-2,Pos1/0/1
snxa-dwl-vrr-2,Pos1/0/1
snxa-xgx-vrr-1,Pos1/0/1
tjtj-jyd-b-1,Pos1/0/1
tjtj-njl-b-2,Pos1/0/1
zjnb-kt-b-1,Pos1/0/1
zjnb-ltxdl-b-2,Pos1/0/1
ahhf-bh-b-2,Pos1/0/2
ahhf-zwq-b-1,Pos1/0/2
nmtl-ylt5f-b-2,Pos1/0/2
nmtl-zxj5f-b-1,Pos1/0/2
ahhf-bh-b-2,Pos1/0/3
ahhf-zwq-b-1,Pos1/0/3
ahhf-bh-b-2,Pos1/0/4
ahhf-zwq-b-1,Pos1/0/4
gslz-esn-b-2,Pos1/0/4
hncs-gt-b-1,Pos1/0/4
hncs-yyl-b-2,Pos1/0/4
nmtl-ylt5f-b-2,Pos1/0/4
qhxn-fhc-b-2,Pos1/0/4
qhxn-hhl-b-1,Pos1/0/4
ahhf-bh-b-2,Pos1/0/5
ahhf-zwq-b-1,Pos1/0/5
gslz-esn-b-2,Pos1/0/5
hncs-gt-b-1,Pos1/0/5
hncs-yyl-b-2,Pos1/0/5
qhxn-fhc-b-2,Pos1/0/5
qhxn-hhl-b-1,Pos1/0/5
ahhf-bh-b-2,Pos1/0/6
ahhf-zwq-b-1,Pos1/0/6
gslz-yt-b-1,Pos1/0/6
gslz-yt-b-1,Pos1/0/7
hihk-jp-b-2,Pos1/0/7
hihk-snl-b-1,Pos1/0/7
jxnc-hjz-b-1,Pos1/0/7
jxnc-ltgc-b-2,Pos1/0/7
bjbj-ch-c-1,Pos1/1/0
bjbj-fz-c-2,Pos1/1/0
gdgz-kxc-c-2,Pos1/1/0
gdgz-xm-c-1,Pos1/1/0
gslz-yt-b-1,Pos1/1/0
hbwh-gs-c-1,Pos1/1/0
hbwh-xgl-c-2,Pos1/1/0
lnsy-hx-c-2,Pos1/1/0
nmhh-esn-b-1,Pos1/1/0
nmhh-ysn-b-2,Pos1/1/0
sccd-ht-c-1,Pos1/1/0
sccd-ymk-c-2,Pos1/1/0
sczg-xxg-z-2,Pos1/1/0
shsh-chj-c-1,Pos1/1/0
shsh-sb-c-2,Pos1/1/0
snxa-dwl-c-2,Pos1/1/0
snxa-xgx-c-1,Pos1/1/0
xjwl-tfds-b-1,Pos1/1/0
xjwl-tjl-b-2,Pos1/1/0
zjhz-bj-b-2,Pos1/1/0
zjhz-hb-b-1,Pos1/1/0
gdgz-kxc-c-2,Pos1/1/1
gdgz-xm-c-1,Pos1/1/1
gslz-yt-b-1,Pos1/1/1
hbwh-gs-c-1,Pos1/1/1
hbwh-xgl-c-2,Pos1/1/1
hets-xz-b-1,Pos1/1/1
hncs-gt-b-1,Pos1/1/1
hncs-yyl-b-2,Pos1/1/1
nmhh-esn-b-1,Pos1/1/1
nmhh-ysn-b-2,Pos1/1/1
sccd-ht-c-1,Pos1/1/1
sccd-ymk-c-2,Pos1/1/1
sczg-xxg-z-2,Pos1/1/1
shsh-chj-c-1,Pos1/1/1
shsh-sb-c-2,Pos1/1/1
xjwl-tfds-b-1,Pos1/1/1
xjwl-tjl-b-2,Pos1/1/1
gslz-yt-b-1,Pos1/1/2
hets-xxg-b-2,Pos1/1/2
hncs-gt-b-1,Pos1/1/2
hncs-yyl-b-2,Pos1/1/2
nmhh-esn-b-1,Pos1/1/2
nmhh-ysn-b-2,Pos1/1/2
xjwl-tfds-b-1,Pos1/1/2
xjwl-tjl-b-2,Pos1/1/2
gslz-yt-b-1,Pos1/1/3
xjwl-tfds-b-1,Pos1/1/3
xjwl-tjl-b-2,Pos1/1/3
gslz-yt-b-1,Pos1/1/4
gzgy-jy-b-1,Pos1/1/4
hets-xz-b-1,Pos1/1/4
xjwl-tfds-b-1,Pos1/1/4
xjwl-tjl-b-2,Pos1/1/4
gslz-yt-b-1,Pos1/1/5
xjwl-tfds-b-1,Pos1/1/5
xjwl-tjl-b-2,Pos1/1/5
gslz-yt-b-1,Pos1/1/6
xjwl-tfds-b-1,Pos1/1/6
xjwl-tjl-b-2,Pos1/1/6
gslz-yt-b-1,Pos1/1/7
hets-xz-b-1,Pos1/1/7
xjwl-tfds-b-1,Pos1/1/7
xjwl-tjl-b-2,Pos1/1/7
bjbj-ch-c-1,Pos1/2/0
bjbj-fz-c-2,Pos1/2/0
gdgz-kxc-c-2,Pos1/2/0
gdgz-xm-c-1,Pos1/2/0
gdhz-hna-z-1,Pos1/2/0
gdhz-hna-z-2,Pos1/2/0
scbz-mz-z-1,Pos1/2/0
scbz-mz-z-2,Pos1/2/0
scdz-yq-z-2,Pos1/2/0
scga-ltxdl-z-2,Pos1/2/0
scgy-dbwt-z-2,Pos1/2/0
scgy-nhlt-z-1,Pos1/2/0
scgz-bmwt-z-2,Pos1/2/0
scgz-zxjf-z-1,Pos1/2/0
sclis-slbl-z-2,Pos1/2/0
sclis-whnl-z-1,Pos1/2/0
scls-jzs-z-2,Pos1/2/0
sclz-lc-z-2,Pos1/2/0
scms-lt-z-2,Pos1/2/0
scms-wt-z-1,Pos1/2/0
scnj-ehl-z-2,Pos1/2/0
scnj-zxjf-z-1,Pos1/2/0
scpzh-rhlt-z-2,Pos1/2/0
scpzh-sjds-z-1,Pos1/2/0
scsn-lt-z-2,Pos1/2/0
scsn-wt-z-1,Pos1/2/0
scya-sw-z-2,Pos1/2/0
scya-yjbl-z-1,Pos1/2/0
scyb-xq-z-2,Pos1/2/0
sczy-djl-z-2,Pos1/2/0
sczy-zxjf-z-1,Pos1/2/0
shsh-chj-c-1,Pos1/2/0
shsh-sb-c-2,Pos1/2/0
bjbj-ch-c-1,Pos1/2/1
bjbj-fz-c-2,Pos1/2/1
gdgz-kxc-c-2,Pos1/2/1
gdgz-xm-c-1,Pos1/2/1
scab-ltxdl-z-2,Pos1/2/1
scbz-mz-z-1,Pos1/2/1
scbz-mz-z-2,Pos1/2/1
scdz-yq-z-2,Pos1/2/1
scga-ltxdl-z-2,Pos1/2/1
scgy-dbwt-z-2,Pos1/2/1
scgy-nhlt-z-1,Pos1/2/1
scgz-bmwt-z-2,Pos1/2/1
scgz-zxjf-z-1,Pos1/2/1
sclis-slbl-z-2,Pos1/2/1
sclis-whnl-z-1,Pos1/2/1
scls-jzs-z-2,Pos1/2/1
sclz-lc-z-2,Pos1/2/1
scms-lt-z-2,Pos1/2/1
scms-wt-z-1,Pos1/2/1
scnj-ehl-z-2,Pos1/2/1
scnj-zxjf-z-1,Pos1/2/1
scpzh-rhlt-z-2,Pos1/2/1
scpzh-sjds-z-1,Pos1/2/1
scsn-lt-z-2,Pos1/2/1
scsn-wt-z-1,Pos1/2/1
scya-sw-z-2,Pos1/2/1
scya-yjbl-z-1,Pos1/2/1
scyb-xq-z-2,Pos1/2/1
sczy-djl-z-2,Pos1/2/1
sczy-zxjf-z-1,Pos1/2/1
shsh-chj-c-1,Pos1/2/1
shsh-sb-c-2,Pos1/2/1
snxa-dwl-c-2,Pos1/2/1
snxa-xgx-c-1,Pos1/2/1
snxa-dwl-c-2,Pos1/2/2
snxa-xgx-c-1,Pos1/2/2
snxa-dwl-c-2,Pos1/2/3
snxa-xgx-c-1,Pos1/2/3
scab-ltxdl-z-1,Pos1/3/0
shsh-chj-c-1,Pos1/3/1
shsh-sb-c-2,Pos1/3/1
bjbj-ch-c-1,Pos10/0/0
bjbj-fz-c-2,Pos10/0/0
gdgz-kxc-c-2,Pos10/0/0
gdgz-xm-c-1,Pos10/0/0
bjbj-ch-c-1,Pos10/0/1
bjbj-fz-c-2,Pos10/0/1
gdgz-kxc-c-2,Pos10/0/1
gdgz-xm-c-1,Pos10/0/1
gdgz-kxc-c-2,Pos10/0/2
gdgz-xm-c-1,Pos10/0/2
gdgz-kxc-c-2,Pos10/0/3
gdgz-xm-c-1,Pos10/0/3
bjbj-ch-c-1,Pos10/1/0
bjbj-fz-c-2,Pos10/1/0
bjbj-ch-c-1,Pos10/1/1
bjbj-fz-c-2,Pos10/1/1
gdgz-kxc-c-2,Pos10/2/0
gdgz-xm-c-1,Pos10/2/0
bjbj-ch-c-1,Pos10/2/1
bjbj-fz-c-2,Pos10/2/1
gdgz-kxc-c-2,Pos10/2/1
gdgz-xm-c-1,Pos10/2/1
bjbj-ch-c-1,Pos10/3/0
bjbj-fz-c-2,Pos10/3/0
shsh-sb-c-2,Pos12/0/1
shsh-sb-c-2,Pos12/2/0
shsh-sb-c-2,Pos12/2/1
shsh-sb-c-2,Pos13/0/0
shsh-sb-c-2,Pos13/1/0
shsh-sb-c-2,Pos13/1/1
shsh-sb-c-2,Pos13/2/0
jsnj-hx-b-2,Pos15/0/0
jsnj-jn-b-1,Pos15/0/0
jsnj-hx-b-2,Pos15/0/1
jsnj-jn-b-1,Pos15/0/1
gdgz-kxc-c-2,Pos15/2/0
gdgz-xm-c-1,Pos15/2/0
gdgz-kxc-c-2,Pos15/2/1
gdgz-xm-c-1,Pos15/2/1
gdgz-kxc-c-2,Pos15/2/2
gdgz-xm-c-1,Pos15/2/2
gdgz-kxc-c-2,Pos15/2/3
gdgz-xm-c-1,Pos15/2/3
gdgz-kxc-c-2,Pos15/2/4
gdgz-xm-c-1,Pos15/2/4
gdgz-kxc-c-2,Pos15/2/7
gdgz-xm-c-1,Pos15/2/7
ahhf-bh-b-2,Pos2/0/0
ahhf-zwq-b-1,Pos2/0/0
bjbj-ch-c-1,Pos2/0/0
bjbj-fz-c-2,Pos2/0/0
fjfz-jyz-b-1,Pos2/0/0
fjxm-rjy-b-2,Pos2/0/0
gdgz-kxc-c-2,Pos2/0/0
gdgz-xm-c-1,Pos2/0/0
gdsz-bs-g-1,Pos2/0/0
gslz-esn-b-2,Pos2/0/0
gslz-yt-b-1,Pos2/0/0
gxnn-dmgx-b-2,Pos2/0/0
gxnn-rjy-b-1,Pos2/0/0
gzgy-jy-b-1,Pos2/0/0
gzgy-tpq-b-2,Pos2/0/0
haly-ln-b-2,Pos2/0/0
haly-xgl-b-1,Pos2/0/0
hbwh-gs-c-1,Pos2/0/0
hbwh-xgl-c-2,Pos2/0/0
hesj-esn-b-2,Pos2/0/0
hesj-ysn-b-1,Pos2/0/0
hets-xxg-b-2,Pos2/0/0
hets-xz-b-1,Pos2/0/0
hlsh-hsl-b-1,Pos2/0/0
hlsh-hwl-b-2,Pos2/0/0
jlcc-esn-b-2,Pos2/0/0
jljl-hnj-b-1,Pos2/0/0
nmtl-zxj5f-b-1,Pos2/0/0
qhxn-fhc-b-2,Pos2/0/0
qhxn-hhl-b-1,Pos2/0/0
sccd-ht-c-1,Pos2/0/0
sccd-ymk-c-2,Pos2/0/0
shsh-chj-c-1,Pos2/0/0
shsh-sb-c-2,Pos2/0/0
snxa-dwl-c-2,Pos2/0/0
snxa-xgx-c-1,Pos2/0/0
xjaks-ltdl-z-1,Pos2/0/0
xjaks-ltdl-z-2,Pos2/0/0
xjalt-zh-z-1,Pos2/0/0
xjalt-zh-z-2,Pos2/0/0
xjats-ltdl-z-1,Pos2/0/0
xjats-ltdl-z-2,Pos2/0/0
xjbl-ltdl-z-2,Pos2/0/0
xjbl-yzdl-z-1,Pos2/0/0
xjcj-ltdl-z-1,Pos2/0/0
xjcj-ltdl-z-2,Pos2/0/0
xjhm-ltzxj-z-1,Pos2/0/0
xjhm-zxjf-z-2,Pos2/0/0
xjht-ltj-z-2,Pos2/0/0
xjht-zxjf-z-1,Pos2/0/0
xjkel-cgj-z-2,Pos2/0/0
xjkel-ltdl-z-1,Pos2/0/0
xjklmy-ltdl-z-2,Pos2/0/0
xjklmy-nxl-z-1,Pos2/0/0
xjks-esnjf-z-1,Pos2/0/0
xjks-ltzx-z-2,Pos2/0/0
xjkt-ltdl-z-1,Pos2/0/0
xjkt-ltdl-z-2,Pos2/0/0
xjshz-jsj-z-1,Pos2/0/0
xjshz-ltdl-z-2,Pos2/0/0
xjtc-hty-z-1,Pos2/0/0
xjtc-ltdl-z-2,Pos2/0/0
xjtlf-lcl-z-1,Pos2/0/0
xjtlf-ltdl-z-2,Pos2/0/0
xjwl-tfds-b-1,Pos2/0/0
xjwl-tjl-b-2,Pos2/0/0
xjyl-ltdl-z-2,Pos2/0/0
xjyl-yz-z-1,Pos2/0/0
xzls-ltdl-b-2,Pos2/0/0
xzls-lw-b-1,Pos2/0/0
zjhz-bj-b-2,Pos2/0/0
ahhf-bh-b-2,Pos2/0/1
ahhf-zwq-b-1,Pos2/0/1
bjbj-ch-c-1,Pos2/0/1
bjbj-ch-vrr-1,Pos2/0/1
bjbj-fz-c-2,Pos2/0/1
bjbj-fz-vrr-2,Pos2/0/1
gdgz-kxc-c-2,Pos2/0/1
gdgz-xm-c-1,Pos2/0/1
gdgz-xm-vrr-1,Pos2/0/1
gdgz-xm-vrr-2,Pos2/0/1
gdsz-bs-g-1,Pos2/0/1
hbwh-gs-c-1,Pos2/0/1
hbwh-gs-vrr-1,Pos2/0/1
hbwh-xgl-c-2,Pos2/0/1
hbwh-xgl-vrr-2,Pos2/0/1
hncs-gt-g-1,Pos2/0/1
hncs-yyl-g-2,Pos2/0/1
jljl-hnj-b-1,Pos2/0/1
lnsy-hx-c-2,Pos2/0/1
lnsy-hx-vrr-2,Pos2/0/1
lnsy-sf-vrr-1,Pos2/0/1
nmtl-zxj5f-b-1,Pos2/0/1
sccd-ht-c-1,Pos2/0/1
sccd-ht-vrr-1,Pos2/0/1
sccd-ymk-vrr-2,Pos2/0/1
shsh-chj-c-1,Pos2/0/1
shsh-chj-vrr-1,Pos2/0/1
shsh-sb-c-2,Pos2/0/1
shsh-sb-vrr-2,Pos2/0/1
zjhz-hb-b-1,Pos2/0/1
zjnb-kt-b-1,Pos2/0/1
zjnb-ltxdl-b-2,Pos2/0/1
ahhf-bh-b-2,Pos2/0/2
ahhf-zwq-b-1,Pos2/0/2
lnsy-hx-c-2,Pos2/0/2
lnsy-sf-c-1,Pos2/0/2
sccd-ht-c-1,Pos2/0/2
sccd-ymk-c-2,Pos2/0/2
ahhf-bh-b-2,Pos2/0/3
ahhf-zwq-b-1,Pos2/0/3
gslz-yt-b-1,Pos2/0/3
hbwh-gs-c-1,Pos2/0/3
lnsy-hx-c-2,Pos2/0/3
lnsy-sf-c-1,Pos2/0/3
sccd-ymk-c-2,Pos2/0/3
snxa-dwl-vrr-2,Pos2/0/3
snxa-xgx-vrr-1,Pos2/0/3
sxty-esn-b-2,Pos2/0/3
sxty-ysn-b-1,Pos2/0/3
ahhf-bh-b-2,Pos2/0/4
ahhf-zwq-b-1,Pos2/0/4
gslz-yt-b-1,Pos2/0/4
hbwh-gs-c-1,Pos2/0/4
lnsy-hx-c-2,Pos2/0/4
lnsy-sf-c-1,Pos2/0/4
qhxn-fhc-b-2,Pos2/0/4
qhxn-hhl-b-1,Pos2/0/4
sccd-ymk-c-2,Pos2/0/4
gslz-yt-b-1,Pos2/0/5
lnsy-hx-c-2,Pos2/0/5
qhxn-fhc-b-2,Pos2/0/5
qhxn-hhl-b-1,Pos2/0/5
sccd-ht-c-1,Pos2/0/5
sccd-ymk-c-2,Pos2/0/5
gslz-yt-b-1,Pos2/0/6
lnsy-sf-c-1,Pos2/0/6
sccd-ht-c-1,Pos2/0/6
sccd-ymk-c-2,Pos2/0/6
gslz-yt-b-1,Pos2/0/7
hbwh-gs-c-1,Pos2/0/7
hbwh-xgl-c-2,Pos2/0/7
lnsy-hx-c-2,Pos2/0/7
lnsy-sf-c-1,Pos2/0/7
sccd-ht-c-1,Pos2/0/7
bjbj-ch-vrr-3,Pos2/1/0
bjbj-fz-vrr-4,Pos2/1/0
haly-ln-b-2,Pos2/1/0
haly-xgl-b-1,Pos2/1/0
hazz-ecl-b-2,Pos2/1/0
hazz-zyl-b-1,Pos2/1/0
hihk-jp-b-2,Pos2/1/0
hihk-snl-b-1,Pos2/1/0
hlhr-ysn-b-1,Pos2/1/0
hlhr-ysn-b-2,Pos2/1/0
hlsh-hwl-b-2,Pos2/1/0
hncs-gt-b-1,Pos2/1/0
hncs-yyl-b-2,Pos2/1/0
nxyc-kfq-b-1,Pos2/1/0
nxyc-xtds-b-2,Pos2/1/0
snxa-dwl-c-2,Pos2/1/0
snxa-xgx-c-1,Pos2/1/0
tjtj-jyd-b-1,Pos2/1/0
tjtj-njl-b-2,Pos2/1/0
xjwl-tfds-b-1,Pos2/1/0
xjwl-tjl-b-2,Pos2/1/0
ynkm-nt-b-1,Pos2/1/0
ynyx-by-b-2,Pos2/1/0
zjhz-bj-b-2,Pos2/1/0
zjhz-hb-b-1,Pos2/1/0
gzgy-tpq-b-2,Pos2/1/1
haly-ln-b-2,Pos2/1/1
haly-xgl-b-1,Pos2/1/1
hazz-zyl-b-1,Pos2/1/1
hesj-ysn-b-1,Pos2/1/1
shsh-chj-c-1,Pos2/1/1
shsh-sb-c-2,Pos2/1/1
snxa-dwl-c-2,Pos2/1/1
snxa-xgx-c-1,Pos2/1/1
xjwl-tfds-b-1,Pos2/1/1
xjwl-tjl-b-2,Pos2/1/1
gzgy-tpq-b-2,Pos2/1/2
haly-xgl-b-1,Pos2/1/2
hets-xxg-b-2,Pos2/1/2
hets-xz-b-1,Pos2/1/2
hlsh-hsl-b-1,Pos2/1/2
xjwl-tfds-b-1,Pos2/1/2
xjwl-tjl-b-2,Pos2/1/2
gzgy-tpq-b-2,Pos2/1/3
hazz-ecl-b-2,Pos2/1/3
hazz-zyl-b-1,Pos2/1/3
nmhh-esn-b-1,Pos2/1/3
xjwl-tfds-b-1,Pos2/1/3
xjwl-tjl-b-2,Pos2/1/3
gzgy-jy-b-1,Pos2/1/4
gzgy-tpq-b-2,Pos2/1/4
hazz-ecl-b-2,Pos2/1/4
hazz-zyl-b-1,Pos2/1/4
hesj-esn-b-2,Pos2/1/4
xjwl-tfds-b-1,Pos2/1/4
xjwl-tjl-b-2,Pos2/1/4
ynkm-nt-b-1,Pos2/1/4
ynyx-by-b-2,Pos2/1/4
gzgy-jy-b-1,Pos2/1/5
haly-ln-b-2,Pos2/1/5
hazz-ecl-b-2,Pos2/1/5
hazz-zyl-b-1,Pos2/1/5
jlcc-esn-b-2,Pos2/1/5
xjwl-tfds-b-1,Pos2/1/5
xjwl-tjl-b-2,Pos2/1/5
ynkm-nt-b-1,Pos2/1/5
ynyx-by-b-2,Pos2/1/5
gzgy-jy-b-1,Pos2/1/6
haly-ln-b-2,Pos2/1/6
haly-xgl-b-1,Pos2/1/6
hazz-ecl-b-2,Pos2/1/6
hazz-zyl-b-1,Pos2/1/6
xjwl-tfds-b-1,Pos2/1/6
xjwl-tjl-b-2,Pos2/1/6
ynkm-nt-b-1,Pos2/1/6
ynyx-by-b-2,Pos2/1/6
gzgy-jy-b-1,Pos2/1/7
gzgy-tpq-b-2,Pos2/1/7
haly-ln-b-2,Pos2/1/7
haly-xgl-b-1,Pos2/1/7
hazz-ecl-b-2,Pos2/1/7
hesj-esn-b-2,Pos2/1/7
hets-xz-b-1,Pos2/1/7
ynkm-nt-b-1,Pos2/1/7
ynyx-by-b-2,Pos2/1/7
bjbj-ch-c-1,Pos2/2/0
bjbj-fz-c-2,Pos2/2/0
gdgz-kxc-c-2,Pos2/2/0
gdgz-xm-c-1,Pos2/2/0
shsh-chj-c-1,Pos2/2/0
shsh-sb-c-2,Pos2/2/0
snxa-dwl-c-2,Pos2/2/0
snxa-xgx-c-1,Pos2/2/0
bjbj-ch-c-1,Pos2/2/1
bjbj-fz-c-2,Pos2/2/1
gdgz-kxc-c-2,Pos2/2/1
gdgz-xm-c-1,Pos2/2/1
shsh-chj-c-1,Pos2/2/1
shsh-sb-c-2,Pos2/2/1
snxa-dwl-c-2,Pos2/2/1
snxa-xgx-c-1,Pos2/2/1
bjbj-ch-c-1,Pos2/2/2
bjbj-fz-c-2,Pos2/2/2
snxa-dwl-c-2,Pos2/2/2
snxa-xgx-c-1,Pos2/2/2
bjbj-ch-c-1,Pos2/2/3
snxa-dwl-c-2,Pos2/2/3
snxa-xgx-c-1,Pos2/2/3
bjbj-ch-c-1,Pos2/2/4
bjbj-fz-c-2,Pos2/2/4
snxa-dwl-c-2,Pos2/2/4
snxa-xgx-c-1,Pos2/2/4
snxa-dwl-c-2,Pos2/2/5
snxa-xgx-c-1,Pos2/2/5
bjbj-ch-c-1,Pos2/2/6
bjbj-fz-c-2,Pos2/2/6
snxa-dwl-c-2,Pos2/2/6
snxa-xgx-c-1,Pos2/2/6
bjbj-ch-c-1,Pos2/2/7
bjbj-fz-c-2,Pos2/2/7
shsh-chj-c-1,Pos2/3/0
shsh-sb-c-2,Pos2/3/0
bjbj-ch-c-1,Pos3/0/0
bjbj-fz-c-2,Pos3/0/0
gdcz-fc-z-1,Pos3/0/0
gdcz-xsk-z-2,Pos3/0/0
gdgz-kxc-c-2,Pos3/0/0
gdgz-xm-c-1,Pos3/0/0
gdjy-dlhy-z-1,Pos3/0/0
gdjy-yzjf-z-2,Pos3/0/0
gdmz-dmt-z-1,Pos3/0/0
gdmz-ymjf-z-2,Pos3/0/0
gdsw-jads-z-2,Pos3/0/0
gdzj-xskb-z-2,Pos3/0/0
gdzj-xskc-z-1,Pos3/0/0
haly-ln-b-2,Pos3/0/0
haly-xgl-b-1,Pos3/0/0
hazz-ecl-b-2,Pos3/0/0
hazz-zyl-b-1,Pos3/0/0
hecd-snl-z-1,Pos3/0/0
hehs-hpl-z-1,Pos3/0/0
hext-ysn-z-1,Pos3/0/0
hlhr-ysn-b-1,Pos3/0/0
hlhr-ysn-b-2,Pos3/0/0
hlsh-hsl-b-1,Pos3/0/0
hlsh-hwl-b-2,Pos3/0/0
jxfz-ltdl-z-1,Pos3/0/0
jxfz-ltdl-z-2,Pos3/0/0
jxgz-jxhy-z-1,Pos3/0/0
jxgz-ltdl-z-2,Pos3/0/0
jxja-ltdl-z-1,Pos3/0/0
jxja-zsdl-z-2,Pos3/0/0
jxjj-jtbg-z-1,Pos3/0/0
jxjj-ltdl-z-2,Pos3/0/0
jxnc-hjz-b-1,Pos3/0/0
jxnc-ltgc-b-2,Pos3/0/0
jxpx-gx-z-1,Pos3/0/0
jxpx-ltdl-z-2,Pos3/0/0
jxxy-ltdl-z-2,Pos3/0/0
jxxy-xdcjf-z-1,Pos3/0/0
jxyc-ctds-z-1,Pos3/0/0
jxyc-ltdl-z-2,Pos3/0/0
jxyt-ltdl-z-1,Pos3/0/0
jxyt-ltdl-z-2,Pos3/0/0
scdy-lt-z-1,Pos3/0/0
scdy-yz-z-2,Pos3/0/0
scdz-eq-z-1,Pos3/0/0
scga-yz-z-1,Pos3/0/0
scls-chl-z-1,Pos3/0/0
sclz-zh-z-1,Pos3/0/0
scmy-ltds-z-2,Pos3/0/0
scmy-xyb-z-1,Pos3/0/0
scnc-jlcs-z-2,Pos3/0/0
scnc-ltdl-z-1,Pos3/0/0
scyb-smg-z-1,Pos3/0/0
sczg-mzj-z-1,Pos3/0/0
shsh-chj-c-1,Pos3/0/0
sntc-ltdl-z-2,Pos3/0/0
sntc-yzdl-z-1,Pos3/0/0
snwn-ltdl-z-1,Pos3/0/0
snwn-ltdl-z-2,Pos3/0/0
snya-ltjf-z-1,Pos3/0/0
snya-ltjf-z-2,Pos3/0/0
xzls-ltdl-b-2,Pos3/0/0
xzls-lw-b-1,Pos3/0/0
bjbj-ch-c-1,Pos3/0/1
bjbj-fz-c-2,Pos3/0/1
gdgz-kxc-c-2,Pos3/0/1
gdgz-xm-c-1,Pos3/0/1
haly-ln-b-2,Pos3/0/1
haly-xgl-b-1,Pos3/0/1
hlhr-ysn-b-1,Pos3/0/1
hlsh-hwl-b-2,Pos3/0/1
scdz-eq-z-1,Pos3/0/1
scga-yz-z-1,Pos3/0/1
scls-chl-z-1,Pos3/0/1
sclz-zh-z-1,Pos3/0/1
scnc-jlcs-z-2,Pos3/0/1
scnc-ltdl-z-1,Pos3/0/1
sczg-mzj-z-1,Pos3/0/1
shsh-chj-c-1,Pos3/0/1
xzls-ltdl-b-2,Pos3/0/1
xzls-lw-b-1,Pos3/0/1
hazz-zyl-b-1,Pos3/0/2
xzls-ltdl-b-2,Pos3/0/2
xzls-lw-b-1,Pos3/0/2
hazz-ecl-b-2,Pos3/0/3
sxty-esn-b-2,Pos3/0/3
sxty-ysn-b-1,Pos3/0/3
xzls-ltdl-b-2,Pos3/0/3
xzls-lw-b-1,Pos3/0/3
haly-ln-b-2,Pos3/0/4
haly-xgl-b-1,Pos3/0/4
hazz-zyl-b-1,Pos3/0/4
sxty-esn-b-2,Pos3/0/4
sxty-ysn-b-1,Pos3/0/4
haly-xgl-b-1,Pos3/0/5
hazz-ecl-b-2,Pos3/0/5
hazz-zyl-b-1,Pos3/0/5
sxty-esn-b-2,Pos3/0/5
sxty-ysn-b-1,Pos3/0/5
haly-ln-b-2,Pos3/0/6
haly-xgl-b-1,Pos3/0/6
hazz-ecl-b-2,Pos3/0/6
sxty-esn-b-2,Pos3/0/6
sxty-ysn-b-1,Pos3/0/6
hazz-zyl-b-1,Pos3/0/7
scyb-smg-z-1,Pos3/0/7
cqcq-zms-b-2,Pos3/1/0
gdst-js-z-1,Pos3/1/0
gdst-sz-z-2,Pos3/1/0
haly-ln-b-2,Pos3/1/0
haly-xgl-b-1,Pos3/1/0
hazz-ecl-b-2,Pos3/1/0
hazz-zyl-b-1,Pos3/1/0
hlhr-ysn-b-1,Pos3/1/0
hlhr-ysn-b-2,Pos3/1/0
hlsh-hsl-b-1,Pos3/1/0
jsnj-hx-b-2,Pos3/1/0
jsnj-jn-b-1,Pos3/1/0
jxnc-hjz-b-1,Pos3/1/0
jxnc-ltgc-b-2,Pos3/1/0
tjtj-jyd-b-1,Pos3/1/0
tjtj-njl-b-2,Pos3/1/0
gdgz-kxc-c-2,Pos3/1/1
gdgz-xm-c-1,Pos3/1/1
hazz-ecl-b-2,Pos3/1/1
hlhr-ysn-b-2,Pos3/1/1
hlsh-hsl-b-1,Pos3/1/1
hlsh-hwl-b-2,Pos3/1/1
jxnc-hjz-b-1,Pos3/1/1
jxnc-ltgc-b-2,Pos3/1/1
shsh-chj-c-1,Pos3/1/1
haly-ln-b-2,Pos3/1/2
hazz-ecl-b-2,Pos3/1/2
haly-xgl-b-1,Pos3/1/3
hesj-esn-b-2,Pos3/1/4
hesj-ysn-b-1,Pos3/1/4
hesj-esn-b-2,Pos3/1/7
bjbj-ch-c-1,Pos3/2/0
bjbj-fz-c-2,Pos3/2/0
sccd-ymk-c-2,Pos3/2/0
shsh-chj-c-1,Pos3/2/0
bjbj-fz-c-2,Pos3/2/1
sccd-ymk-c-2,Pos3/2/1
sccd-ymk-c-2,Pos3/2/4
sccd-ymk-c-2,Pos3/2/5
shsh-sb-c-2,Pos3/2/5
sccd-ymk-c-2,Pos3/2/6
shsh-sb-c-2,Pos3/2/6
sccd-ymk-c-2,Pos3/2/7
shsh-sb-c-2,Pos3/2/7
shsh-chj-c-1,Pos3/3/0
bjbj-ch-c-1,Pos3/3/1
shsh-chj-c-1,Pos3/3/1
bjbj-ch-c-1,Pos4/0/0
jxnc-hjz-b-1,Pos4/0/0
jxnc-ltgc-b-2,Pos4/0/0
shsh-sb-c-2,Pos4/0/0
ynkm-nt-b-1,Pos4/0/0
ynyx-by-b-2,Pos4/0/0
bjbj-ch-c-1,Pos4/0/1
bjbj-fz-c-2,Pos4/0/1
gdgz-kxc-c-2,Pos4/0/1
gdgz-xm-c-1,Pos4/0/1
jsnj-hx-b-2,Pos4/0/1
jsnj-jn-b-1,Pos4/0/1
jxnc-hjz-b-1,Pos4/0/1
jxnc-ltgc-b-2,Pos4/0/1
shsh-chj-c-1,Pos4/0/2
shsh-chj-c-1,Pos4/0/3
shsh-chj-c-1,Pos4/0/5
shsh-chj-c-1,Pos4/0/6
shsh-chj-c-1,Pos4/0/7
ahhf-bh-b-2,Pos4/1/0
ahhf-zwq-b-1,Pos4/1/0
gdgz-kxc-c-2,Pos4/1/0
gdgz-xm-c-1,Pos4/1/0
jsnj-hx-b-2,Pos4/1/0
jsnj-jn-b-1,Pos4/1/0
jxnc-hjz-b-1,Pos4/1/0
jxnc-ltgc-b-2,Pos4/1/0
shsh-sb-c-2,Pos4/1/0
snxa-dwl-c-2,Pos4/1/0
snxa-xgx-c-1,Pos4/1/0
bjbj-ch-c-1,Pos4/1/1
bjbj-fz-c-2,Pos4/1/1
gdgz-kxc-c-2,Pos4/1/1
gdgz-xm-c-1,Pos4/1/1
jxnc-hjz-b-1,Pos4/1/1
jxnc-ltgc-b-2,Pos4/1/1
shsh-sb-c-2,Pos4/1/1
bjbj-ch-c-1,Pos4/2/0
bjbj-fz-c-2,Pos4/2/0
sccd-ymk-c-2,Pos4/2/0
shsh-sb-c-2,Pos4/2/0
bjbj-ch-c-1,Pos4/2/1
gdgz-kxc-c-2,Pos4/2/1
gdgz-xm-c-1,Pos4/2/1
sccd-ymk-c-2,Pos4/2/1
shsh-sb-c-2,Pos4/2/1
shsh-chj-c-1,Pos4/2/3
gdgz-kxc-c-2,Pos4/3/0
gdgz-xm-c-1,Pos4/3/0
shsh-sb-c-2,Pos4/3/0
shsh-sb-c-2,Pos4/3/1
ahhf-bh-b-2,Pos5/0/0
ahhf-zwq-b-1,Pos5/0/0
fjfz-jyz-b-1,Pos5/0/0
fjxm-rjy-b-2,Pos5/0/0
gdgz-kxc-c-2,Pos5/0/0
gdgz-xm-c-1,Pos5/0/0
jsnj-hx-b-2,Pos5/0/0
jsnj-jn-b-1,Pos5/0/0
jxnc-hjz-b-1,Pos5/0/0
jxnc-ltgc-b-2,Pos5/0/0
sccd-ymk-c-2,Pos5/0/0
shsh-chj-c-1,Pos5/0/0
snxa-dwl-c-2,Pos5/0/0
snxa-xgx-c-1,Pos5/0/0
ynkm-nt-b-1,Pos5/0/0
ynyx-by-b-2,Pos5/0/0
gdgz-kxc-c-2,Pos5/0/1
jxnc-hjz-b-1,Pos5/0/1
jxnc-ltgc-b-2,Pos5/0/1
sccd-ymk-c-2,Pos5/0/1
snxa-dwl-c-2,Pos5/0/1
snxa-xgx-c-1,Pos5/0/1
gdgz-xm-c-1,Pos5/0/2
sccd-ymk-c-2,Pos5/0/2
snxa-dwl-c-2,Pos5/0/2
gdgz-kxc-c-2,Pos5/0/3
gdgz-xm-c-1,Pos5/0/3
sccd-ymk-c-2,Pos5/0/3
snxa-dwl-c-2,Pos5/0/3
gdgz-kxc-c-2,Pos5/0/4
gdgz-xm-c-1,Pos5/0/4
sccd-ymk-c-2,Pos5/0/4
snxa-dwl-c-2,Pos5/0/4
snxa-xgx-c-1,Pos5/0/4
gdgz-kxc-c-2,Pos5/0/5
gdgz-xm-c-1,Pos5/0/5
sccd-ymk-c-2,Pos5/0/5
snxa-dwl-c-2,Pos5/0/5
snxa-xgx-c-1,Pos5/0/5
gdgz-kxc-c-2,Pos5/0/6
gdgz-xm-c-1,Pos5/0/6
sccd-ymk-c-2,Pos5/0/6
gdgz-kxc-c-2,Pos5/0/7
gdgz-xm-c-1,Pos5/0/7
sccd-ymk-c-2,Pos5/0/7
hlhh-xj-z-2,Pos5/1/0
hljm-sl-z-2,Pos5/1/0
hljm-zs-z-1,Pos5/1/0
hncs-gt-b-1,Pos5/1/0
hncs-yyl-b-2,Pos5/1/0
shsh-chj-c-1,Pos5/1/0
hlhh-lj-z-1,Pos5/1/1
shsh-chj-c-1,Pos5/1/1
sccd-ht-c-1,Pos5/2/0
sccd-ymk-c-2,Pos5/2/0
hbwh-gs-c-1,Pos5/2/1
hbwh-xgl-c-2,Pos5/2/1
sccd-ht-c-1,Pos5/2/1
sccd-ymk-c-2,Pos5/2/1
hbwh-xgl-c-2,Pos5/2/2
sccd-ht-c-1,Pos5/2/2
sccd-ymk-c-2,Pos5/2/2
sccd-ht-c-1,Pos5/2/3
sccd-ymk-c-2,Pos5/2/3
hbwh-xgl-c-2,Pos5/2/4
sccd-ht-c-1,Pos5/2/4
sccd-ymk-c-2,Pos5/2/4
sccd-ht-c-1,Pos5/2/5
sccd-ymk-c-2,Pos5/2/5
sccd-ht-c-1,Pos5/2/6
sccd-ymk-c-2,Pos5/2/6
hbwh-gs-c-1,Pos5/2/7
hbwh-xgl-c-2,Pos5/2/7
sccd-ht-c-1,Pos5/2/7
sccd-ymk-c-2,Pos5/2/7
bjbj-ch-c-1,Pos6/0/0
bjbj-fz-c-2,Pos6/0/0
hbwh-gs-c-1,Pos6/0/0
hbwh-xgl-c-2,Pos6/0/0
sccd-ymk-c-2,Pos6/0/0
zjhz-hb-b-1,Pos6/0/0
gdgz-kxc-c-2,Pos6/0/1
gdgz-xm-c-1,Pos6/0/1
hbwh-gs-c-1,Pos6/0/1
hbwh-xgl-c-2,Pos6/0/1
sccd-ymk-c-2,Pos6/0/1
shsh-chj-c-1,Pos6/0/1
sccd-ymk-c-2,Pos6/0/2
sccd-ymk-c-2,Pos6/0/3
gdgz-kxc-c-2,Pos6/0/4
gdgz-xm-c-1,Pos6/0/4
sccd-ymk-c-2,Pos6/0/4
gdgz-kxc-c-2,Pos6/0/5
gdgz-xm-c-1,Pos6/0/5
sccd-ymk-c-2,Pos6/0/5
bjbj-ch-c-1,Pos6/0/6
bjbj-fz-c-2,Pos6/0/6
gdgz-kxc-c-2,Pos6/0/6
gdgz-xm-c-1,Pos6/0/6
gdgz-kxc-c-2,Pos6/0/7
gdgz-xm-c-1,Pos6/0/7
hbwh-gs-c-1,Pos6/1/0
hbwh-xgl-c-2,Pos6/1/0
zjhz-hb-b-1,Pos6/1/0
hbwh-gs-c-1,Pos6/1/1
hbwh-xgl-c-2,Pos6/1/1
zjhz-hb-b-1,Pos6/1/1
sccd-ht-c-1,Pos6/2/0
sccd-ymk-c-2,Pos6/2/0
shsh-chj-c-1,Pos6/2/0
shsh-chj-c-1,Pos6/2/1
lnsy-hx-c-2,Pos6/2/7
lnsy-sf-c-1,Pos6/2/7
shsh-chj-c-1,Pos6/3/0
shsh-chj-c-1,Pos6/3/1
gdsw-zyl-z-1,Pos7/0/0
lnsy-hx-c-2,Pos7/0/0
lnsy-sf-c-1,Pos7/0/0
sccd-ht-c-1,Pos7/0/0
zjhz-bj-b-2,Pos7/0/0
sccd-ht-c-1,Pos7/0/1
sccd-ht-c-1,Pos7/0/2
sccd-ht-c-1,Pos7/0/3
sccd-ht-c-1,Pos7/0/4
sccd-ht-c-1,Pos7/0/5
sccd-ht-c-1,Pos7/0/6
sccd-ht-c-1,Pos7/0/7
haly-ln-z-2,Pos7/1/0
haly-xg-z-1,Pos7/1/0
lnsy-hx-c-2,Pos7/1/0
lnsy-sf-c-1,Pos7/1/0
zjhz-bj-b-2,Pos7/1/0
zjhz-bj-b-2,Pos7/1/1
lnsy-hx-c-2,Pos7/2/0
lnsy-sf-c-1,Pos7/2/0
sccd-ht-c-1,Pos7/2/0
sccd-ht-c-1,Pos7/2/1
sccd-ht-c-1,Pos7/2/2
sccd-ht-c-1,Pos7/2/3
sccd-ht-c-1,Pos7/2/4
sccd-ht-c-1,Pos7/2/5
sccd-ht-c-1,Pos7/2/6
sccd-ht-c-1,Pos7/2/7
bjbj-ch-c-1,Pos8/0/0
bjbj-fz-c-2,Pos8/0/0
gdgz-kxc-c-2,Pos8/0/0
gdgz-xm-c-1,Pos8/0/0
sccd-ht-c-1,Pos8/0/0
bjbj-ch-c-1,Pos8/0/1
bjbj-fz-c-2,Pos8/0/1
gdgz-kxc-c-2,Pos8/0/1
gdgz-xm-c-1,Pos8/0/1
sccd-ht-c-1,Pos8/0/1
bjbj-fz-c-2,Pos8/0/2
gdgz-kxc-c-2,Pos8/0/2
gdgz-xm-c-1,Pos8/0/2
sccd-ht-c-1,Pos8/0/2
gdgz-kxc-c-2,Pos8/0/3
gdgz-xm-c-1,Pos8/0/3
sccd-ht-c-1,Pos8/0/3
bjbj-ch-c-1,Pos8/0/4
bjbj-ch-c-1,Pos8/0/5
bjbj-fz-c-2,Pos8/0/5
gdgz-kxc-c-2,Pos8/0/5
gdgz-xm-c-1,Pos8/0/5
gdgz-kxc-c-2,Pos8/0/6
gdgz-xm-c-1,Pos8/0/6
bjbj-ch-c-1,Pos8/0/7
gdgz-kxc-c-2,Pos8/0/7
gdgz-xm-c-1,Pos8/0/7
hbwh-gs-c-1,Pos8/2/0
hbwh-xgl-c-2,Pos8/2/0
shsh-sb-c-2,Pos9/0/2
shsh-sb-c-2,Pos9/0/7
