BXZFRRR2,NE40E
MXJCRRR4,NE40E
MXMERRR7,NE40E
MXPARDN3,NE40E
MXPARDN4,NE40E
ROU13-HMAD01,NE40E
ROU14-HMAD01,NE40E
BXGARDN1,NE40E-X16
BXGARDN2,NE40E-X16
BXGARPS1,NE40E-X16
BXGARPS2,NE40E-X16
BXZFRDN3,NE40E-X16
BXZFRDN4,NE40E-X16
MXFURDN1,NE40E-X16
MXFURDN2,NE40E-X16
MXFURPS1,NE40E-X16
MXFURPS2,NE40E-X16
MXJCRDN3,NE40E-X16
MXJCRDN4,NE40E-X16
MXMERDN1,NE40E-X16
MXMERDN2,NE40E-X16
MXMERDN7,NE40E-X16
MXMERDN8,NE40E-X16
MXMERPS1,NE40E-X16
MXMERPS2,NE40E-X16
MXPARDN1,NE40E-X16
MXPARDN2,NE40E-X16
MXULRDN1,NE40E-X16
MXULRDN2,NE40E-X16
MXULRPS1,NE40E-X16
MXULRPS2,NE40E-X16
ROU13-HBAR01,NE40E-X16
ROU13-HBAR02,NE40E-X16
ROU13-HMAD11,NE40E-X16
ROU13-HMAD16,NE40E-X16
ROU13-HSEV01,NE40E-X16
ROU13-HVAL01,NE40E-X16
ROU13-HVIZ01,NE40E-X16
ROU14-HBAR01,NE40E-X16
ROU14-HBAR02,NE40E-X16
ROU14-HMAD11,NE40E-X16
ROU14-HMAD16,NE40E-X16
ROU14-HSEV01,NE40E-X16
ROU14-HVAL01,NE40E-X16
ROU14-HVIZ01,NE40E-X16
AVRERAG1,NE40E-X3
AVRERAG2,NE40E-X3
BXEURRR1,NE40E-X3
BXZFRRR1,NE40E-X3
COMCRAG1,NE40E-X3
COMCRAG2,NE40E-X3
MXCORRR1,NE40E-X3
MXECRRR1,NE40E-X3
MXJCRRR3,NE40E-X3
MXJCRTV1,NE40E-X3
MXMERRR4,NE40E-X3
MXMERRR5,NE40E-X3
MXMERTV1,NE40E-X3
MXMETRR1,NE40E-X3
SAPORAG1,NE40E-X3
SAPORAG2,NE40E-X3
VIPRRAG1,NE40E-X3
VIPRRAG2,NE40E-X3
ABFGRAG1,NE40E-X8
ABFGRAG2,NE40E-X8
ALDORAG1,NE40E-X8
ALDORAG2,NE40E-X8
AXAMRDN1,NE40E-X8
AXAMRDN2,NE40E-X8
AXANRDN1,NE40E-X8
AXANRDN2,NE40E-X8
AXCIRAG1,NE40E-X8
AXCIRAG2,NE40E-X8
BAADRDN1,NE40E-X8
BAADRDN2,NE40E-X8
BAATRAG1,NE40E-X8
BAATRAG2,NE40E-X8
BIJORDN1,NE40E-X8
BIJORDN2,NE40E-X8
BITORAG1,NE40E-X8
BITORAG2,NE40E-X8
BUITRAG1,NE40E-X8
BUITRAG2,NE40E-X8
BXBORCS1,NE40E-X8
BXBORCS2,NE40E-X8
BXBORDN1,NE40E-X8
BXBORDN2,NE40E-X8
BXDRRDN1,NE40E-X8
BXDRRDN2,NE40E-X8
BXEURDN1,NE40E-X8
BXEURDN2,NE40E-X8
BXGARCS1,NE40E-X8
BXGARCS2,NE40E-X8
BXGRRDN1,NE40E-X8
BXGRRDN2,NE40E-X8
BXMTRAG1,NE40E-X8
BXMTRAG2,NE40E-X8
BXPCRDN1,NE40E-X8
BXPCRDN2,NE40E-X8
BXPERDN1,NE40E-X8
BXPERDN2,NE40E-X8
BXZFRDN1,NE40E-X8
BXZFRDN2,NE40E-X8
CACPRDN1,NE40E-X8
CACPRDN2,NE40E-X8
CAJERAG1,NE40E-X8
CAJERAG2,NE40E-X8
CCBARAG1,NE40E-X8
CCBARAG2,NE40E-X8
COAVRDN1,NE40E-X8
COAVRDN2,NE40E-X8
CRCORAG1,NE40E-X8
CRCORAG2,NE40E-X8
CSMORAG1,NE40E-X8
CSMORAG2,NE40E-X8
CXARRDN1,NE40E-X8
CXARRDN2,NE40E-X8
CXPORAG1,NE40E-X8
CXPORAG2,NE40E-X8
GCGORAG1,NE40E-X8
GCGORAG2,NE40E-X8
GCTGRDN1,NE40E-X8
GCTGRDN2,NE40E-X8
GIADRDN1,NE40E-X8
GIADRDN2,NE40E-X8
GIALRDN1,NE40E-X8
GIALRDN2,NE40E-X8
GICARAG1,NE40E-X8
GICARAG2,NE40E-X8
GIESRDN1,NE40E-X8
GIESRDN2,NE40E-X8
GRCIRDN1,NE40E-X8
GRCIRDN2,NE40E-X8
GRLVRDN1,NE40E-X8
GRLVRDN2,NE40E-X8
GRVERAG1,NE40E-X8
GRVERAG2,NE40E-X8
GUCARDN1,NE40E-X8
GUCARDN2,NE40E-X8
GUMIRDN1,NE40E-X8
GUMIRDN2,NE40E-X8
IBESRDN1,NE40E-X8
IBESRDN2,NE40E-X8
IBEXRAG1,NE40E-X8
IBEXRAG2,NE40E-X8
IBLIRAG1,NE40E-X8
IBLIRAG2,NE40E-X8
IBPARDN1,NE40E-X8
IBPARDN2,NE40E-X8
JXPARAG1,NE40E-X8
JXPARAG2,NE40E-X8
LEFRRAG1,NE40E-X8
LEFRRAG2,NE40E-X8
LXRORAG1,NE40E-X8
LXRORAG2,NE40E-X8
MAHSRDN1,NE40E-X8
MAHSRDN2,NE40E-X8
MAPTRAG1,NE40E-X8
MAPTRAG2,NE40E-X8
MASARDN1,NE40E-X8
MASARDN2,NE40E-X8
MUINRDN1,NE40E-X8
MUINRDN2,NE40E-X8
MUJURDN1,NE40E-X8
MUJURDN2,NE40E-X8
MUNIRAG1,NE40E-X8
MUNIRAG2,NE40E-X8
MXFURCS1,NE40E-X8
MXFURCS2,NE40E-X8
MXFURPE6,NE40E-X8
MXFURPE7,NE40E-X8
MXFUTPE1,NE40E-X8
MXFUTPE2,NE40E-X8
MXJCRDN1,NE40E-X8
MXJCRDN2,NE40E-X8
MXJCRDN5,NE40E-X8
MXJCRDN6,NE40E-X8
MXMERCS1,NE40E-X8
MXMERCS2,NE40E-X8
MXMERDN3,NE40E-X8
MXMERDN4,NE40E-X8
MXMERDN5,NE40E-X8
MXMERDN6,NE40E-X8
MXMERGX1,NE40E-X8
MXMERGX2,NE40E-X8
MXMETPE1,NE40E-X8
MXMETPE2,NE40E-X8
MXPARCS1,NE40E-X8
MXPARCS2,NE40E-X8
MXULRCS1,NE40E-X8
MXULRCS2,NE40E-X8
MXULRGX3,NE40E-X8
MXULTPE1,NE40E-X8
MXULTPE2,NE40E-X8
NAAYRAG1,NE40E-X8
NAAYRAG2,NE40E-X8
ORPERAG1,NE40E-X8
ORPERAG2,NE40E-X8
OXGIRDN1,NE40E-X8
OXGIRDN2,NE40E-X8
OXSIRAG1,NE40E-X8
OXSIRAG2,NE40E-X8
POMARAG1,NE40E-X8
POMARAG2,NE40E-X8
POVIRDN1,NE40E-X8
POVIRDN2,NE40E-X8
SAESRDN1,NE40E-X8
SAESRDN2,NE40E-X8
SEAMRAG1,NE40E-X8
SEAMRAG2,NE40E-X8
SEDRRDN1,NE40E-X8
SEDRRDN2,NE40E-X8
SEECRDN1,NE40E-X8
SEECRDN2,NE40E-X8
SEPIRCS1,NE40E-X8
SEPIRCS2,NE40E-X8
SEPIRDN1,NE40E-X8
SEPIRDN2,NE40E-X8
SEPIRPS1,NE40E-X8
SEPIRPS2,NE40E-X8
SSDMRAG1,NE40E-X8
SSDMRAG2,NE40E-X8
SXRURAG1,NE40E-X8
SXRURAG2,NE40E-X8
TFMARAG1,NE40E-X8
TFMARAG2,NE40E-X8
TFMARDN1,NE40E-X8
TFMARDN2,NE40E-X8
TOEGRAG1,NE40E-X8
TOEGRAG2,NE40E-X8
TXRRRAG1,NE40E-X8
TXRRRAG2,NE40E-X8
VADORDN1,NE40E-X8
VADORDN2,NE40E-X8
VAFORCS1,NE40E-X8
VAFORCS2,NE40E-X8
VAFORDN1,NE40E-X8
VAFORDN2,NE40E-X8
VARERDN1,NE40E-X8
VARERDN2,NE40E-X8
VXARRDN1,NE40E-X8
VXARRDN2,NE40E-X8
VXMFRDN1,NE40E-X8
VXMFRDN2,NE40E-X8
VXQURCS1,NE40E-X8
VXQURCS2,NE40E-X8
VXQURDN1,NE40E-X8
VXQURDN2,NE40E-X8
VXQURPS1,NE40E-X8
VXQURPS2,NE40E-X8
ZAPCRAG1,NE40E-X8
ZAPCRAG2,NE40E-X8
ZXESRDN1,NE40E-X8
ZXESRDN2,NE40E-X8
ZXPIRAG1,NE40E-X8
ZXPIRAG2,NE40E-X8
ZXPIRDN1,NE40E-X8
ZXPIRDN2,NE40E-X8
AXCIRTR2,UNKNOWN
BITORTR1,UNKNOWN
BXEURPI3,UNKNOWN
BXEURTR3,UNKNOWN
BXZFRPI3,UNKNOWN
BXZFRTR3,UNKNOWN
GRVERTR2,UNKNOWN
LEFRRTR2,UNKNOWN
MXAZRPI4,UNKNOWN
MXEXRPI3,UNKNOWN
MXJCRTR3,UNKNOWN
MXMERPI3,UNKNOWN
MXMERPI4,UNKNOWN
MXMERTR3,UNKNOWN
SEECRTR2,UNKNOWN
VAFORTR2,UNKNOWN
VXQURTR2,UNKNOWN
